9000;3529.3;3878.11;2332.09;2374.38
9001;3529.3;3878.11;2332.09;2374.38
9002;3529.3;3878.11;2332.09;2374.38
9003;3529.3;3878.11;2332.09;2374.38
9004;3529.3;3878.11;2332.09;2374.38
9005;3529.3;3878.11;2332.09;2374.38
9006;3529.3;3878.11;2332.09;2374.38
9007;3529.3;3878.11;2332.09;2374.38
9008;3529.3;3878.11;2332.09;2374.38
9009;3529.3;3878.11;2332.09;2374.38
9010;3529.3;3878.11;2332.09;2374.38
9011;3529.3;3878.11;2332.09;2374.38
9012;3529.3;3878.11;2332.09;2374.38
9013;3529.3;3878.11;2332.09;2374.38
9014;3529.3;3878.11;2332.09;2374.38
9015;3529.3;3878.11;2332.09;2374.38
9016;3529.3;3878.11;2332.09;2374.38
9017;3529.3;3878.11;2332.09;2374.38
9018;3529.3;3878.11;2332.09;2374.38
9019;3529.3;3878.11;2332.09;2374.38
9020;3529.3;3878.11;2332.09;2374.38
9021;3529.3;3878.11;2332.09;2374.38
9022;3529.3;3878.11;2332.09;2374.38
9023;3529.3;3878.11;2332.09;2374.38
9024;3529.3;3878.11;2332.09;2374.38
9025;3529.3;3878.11;2332.09;2374.38
9026;3529.3;3878.11;2332.09;2374.38
9027;3529.3;3878.11;2332.09;2374.38
9028;3529.3;3878.11;2332.09;2374.38
9029;3529.3;3878.11;2332.09;2374.38
9030;3529.3;3878.11;2332.09;2374.38
9031;3529.3;3878.11;2332.09;2374.38
9032;3529.3;3878.11;2332.09;2374.38
9033;3529.3;3878.11;2332.09;2374.38
9034;3529.3;3878.11;2332.09;2374.38
9035;3529.3;3878.11;2332.09;2374.38
9036;3529.3;3878.11;2332.09;2374.38
9037;3529.3;3878.11;2332.09;2374.38
9038;3529.3;3878.11;2332.09;2374.38
9039;3529.3;3878.11;2332.09;2374.38
9040;3529.3;3878.11;2332.09;2374.38
9041;3529.3;3878.11;2332.09;2374.38
9042;3529.3;3878.11;2332.09;2374.38
9043;3529.3;3878.11;2332.09;2374.38
9044;3529.3;3878.11;2332.09;2374.38
9045;3529.3;3878.11;2332.09;2374.38
9046;3529.3;3878.11;2332.09;2374.38
9047;3529.3;3878.11;2332.09;2374.38
9048;3529.3;3878.11;2332.09;2374.38
9049;3529.3;3878.11;2332.09;2374.38
9050;3529.3;3878.11;2332.09;2374.38
9051;3529.3;3878.11;2332.09;2374.38
9052;3529.3;3878.11;2332.09;2374.38
9053;3529.3;3878.11;2332.09;2374.38
9054;3529.3;3878.11;2332.09;2374.38
9055;3529.3;3878.11;2332.09;2374.38
9056;3529.3;3878.11;2332.09;2374.38
9057;3529.3;3878.11;2332.09;2374.38
9058;3529.3;3878.11;2332.09;2374.38
9059;3529.3;3878.11;2332.09;2374.38
9060;3529.3;3878.11;2332.09;2374.38
9061;3529.3;3878.11;2332.09;2374.38
9062;3529.3;3878.11;2332.09;2374.38
9063;3529.3;3878.11;2332.09;2374.38
9064;3529.3;3878.11;2332.09;2374.38
9065;3529.3;3878.11;2332.09;2374.38
9066;3529.3;3878.11;2332.09;2374.38
9067;3529.3;3878.11;2332.09;2374.38
9068;3529.3;3878.11;2332.09;2374.38
9069;3529.3;3878.11;2332.09;2374.38
9070;3529.3;3878.11;2332.09;2374.38
9071;3529.3;3878.11;2332.09;2374.38
9072;3529.3;3878.11;2332.09;2374.38
9073;3529.3;3878.11;2332.09;2374.38
9074;3529.3;3878.11;2332.09;2374.38
9075;3529.3;3878.11;2332.09;2374.38
9076;3529.3;3878.11;2332.09;2374.38
9077;3529.3;3878.11;2332.09;2374.38
9078;3529.3;3878.11;2332.09;2374.38
9079;3529.3;3878.11;2332.09;2374.38
9080;3529.3;3878.11;2332.09;2374.38
9081;3529.3;3878.11;2332.09;2374.38
9082;3529.3;3878.11;2332.09;2374.38
9083;3529.3;3878.11;2332.09;2374.38
9084;3529.3;3878.11;2332.09;2374.38
9085;3529.3;3878.11;2332.09;2374.38
9086;3529.3;3878.11;2332.09;2374.38
9087;3529.3;3878.11;2332.09;2374.38
9088;3529.3;3878.11;2332.09;2374.38
9089;3529.3;3878.11;2332.09;2374.38
9090;3529.3;3878.11;2332.09;2374.38
9091;3529.3;3878.11;2332.09;2374.38
9092;3529.3;3878.11;2332.09;2374.38
9093;3529.3;3878.11;2332.09;2374.38
9094;3529.3;3878.11;2332.09;2374.38
9095;3529.3;3878.11;2332.09;2374.38
9096;3529.3;3878.11;2332.09;2374.38
9097;3529.3;3878.11;2332.09;2374.38
9098;3529.3;3878.11;2332.09;2374.38
9099;3529.3;3878.11;2332.09;2374.38
9100;3529.3;3878.11;2332.09;2374.38
9101;3529.3;3878.11;2332.09;2374.38
9102;3529.3;3878.11;2332.09;2374.38
9103;3529.3;3878.11;2332.09;2374.38
9104;3529.3;3878.11;2332.09;2374.38
9105;3529.3;3878.11;2332.09;2374.38
9106;3529.3;3878.11;2332.09;2374.38
9107;3529.3;3878.11;2332.09;2374.38
9108;3529.3;3878.11;2332.09;2374.38
9109;3529.3;3878.11;2332.09;2374.38
9110;3529.3;3878.11;2332.09;2374.38
9111;3529.3;3878.11;2332.09;2374.38
9112;3529.3;3878.11;2332.09;2374.38
9113;3529.3;3878.11;2332.09;2374.38
9114;3529.3;3878.11;2332.09;2374.38
9115;3529.3;3878.11;2332.09;2374.38
9116;3529.3;3878.11;2332.09;2374.38
9117;3529.3;3878.11;2332.09;2374.38
9118;3529.3;3878.11;2332.09;2374.38
9119;3529.3;3878.11;2332.09;2374.38
9120;3529.3;3878.11;2332.09;2374.38
9121;3529.3;3878.11;2332.09;2374.38
9122;3529.3;3878.11;2332.09;2374.38
9123;3529.3;3878.11;2332.09;2374.38
9124;3529.3;3878.11;2332.09;2374.38
9125;3529.3;3878.11;2332.09;2374.38
9126;3529.3;3878.11;2332.09;2374.38
9127;3529.3;3878.11;2332.09;2374.38
9128;3529.3;3878.11;2332.09;2374.38
9129;3529.3;3878.11;2332.09;2374.38
9130;3529.3;3878.11;2332.09;2374.38
9131;3529.3;3878.11;2332.09;2374.38
9132;3529.3;3878.11;2332.09;2374.38
9133;3529.3;3878.11;2332.09;2374.38
9134;3529.3;3878.11;2332.09;2374.38
9135;3529.3;3878.11;2332.09;2374.38
9136;3529.3;3878.11;2332.09;2374.38
9137;3529.3;3878.11;2332.09;2374.38
9138;3529.3;3878.11;2332.09;2374.38
9139;3529.3;3878.11;2332.09;2374.38
9140;3529.3;3878.11;2332.09;2374.38
9141;3529.3;3878.11;2332.09;2374.38
9142;3529.3;3878.11;2332.09;2374.38
9143;3529.3;3878.11;2332.09;2374.38
9144;3529.3;3878.11;2332.09;2374.38
9145;3529.3;3878.11;2332.09;2374.38
9146;3529.3;3878.11;2332.09;2374.38
9147;3529.3;3878.11;2332.09;2374.38
9148;3529.3;3878.11;2332.09;2374.38
9149;3529.3;3878.11;2332.09;2374.38
9150;3529.3;3878.11;2332.09;2374.38
9151;3529.3;3878.11;2332.09;2374.38
9152;3529.3;3878.11;2332.09;2374.38
9153;3529.3;3878.11;2332.09;2374.38
9154;3529.3;3878.11;2332.09;2374.38
9155;3529.3;3878.11;2332.09;2374.38
9156;3529.3;3878.11;2332.09;2374.38
9157;3529.3;3878.11;2332.09;2374.38
9158;3529.3;3878.11;2332.09;2374.38
9159;3529.3;3878.11;2332.09;2374.38
9160;3529.3;3878.11;2332.09;2374.38
9161;3529.3;3878.11;2332.09;2374.38
9162;3529.3;3878.11;2332.09;2374.38
9163;3529.3;3878.11;2332.09;2374.38
9164;3529.3;3878.11;2332.09;2374.38
9165;3529.3;3878.11;2332.09;2374.38
9166;3529.3;3878.11;2332.09;2374.38
9167;3529.3;3878.11;2332.09;2374.38
9168;3529.3;3878.11;2332.09;2374.38
9169;3529.3;3878.11;2332.09;2374.38
9170;3529.3;3878.11;2332.09;2374.38
9171;3529.3;3878.11;2332.09;2374.38
9172;3529.3;3878.11;2332.09;2374.38
9173;3529.3;3878.11;2332.09;2374.38
9174;3529.3;3878.11;2332.09;2374.38
9175;3529.3;3878.11;2332.09;2374.38
9176;3529.3;3878.11;2332.09;2374.38
9177;3529.3;3878.11;2332.09;2374.38
9178;3529.3;3878.11;2332.09;2374.38
9179;3529.3;3878.11;2332.09;2374.38
9180;3529.3;3878.11;2332.09;2374.38
9181;3529.3;3878.11;2332.09;2374.38
9182;3529.3;3878.11;2332.09;2374.38
9183;3529.3;3878.11;2332.09;2374.38
9184;3529.3;3878.11;2332.09;2374.38
9185;3529.3;3878.11;2332.09;2374.38
9186;3529.3;3878.11;2332.09;2374.38
9187;3529.3;3878.11;2332.09;2374.38
9188;3529.3;3878.11;2332.09;2374.38
9189;3529.3;3878.11;2332.09;2374.38
9190;3529.3;3878.11;2332.09;2374.38
9191;3529.3;3878.11;2332.09;2374.38
9192;3529.3;3878.11;2332.09;2374.38
9193;3529.3;3878.11;2332.09;2374.38
9194;3529.3;3878.11;2332.09;2374.38
9195;3529.3;3878.11;2332.09;2374.38
9196;3529.3;3878.11;2332.09;2374.38
9197;3529.3;3878.11;2332.09;2374.38
9198;3529.3;3878.11;2332.09;2374.38
9199;3529.3;3878.11;2332.09;2374.38
9200;3529.3;3878.11;2332.09;2374.38
9201;3529.3;3878.11;2332.09;2374.38
9202;3529.3;3878.11;2332.09;2374.38
9203;3529.3;3878.11;2332.09;2374.38
9204;3529.3;3878.11;2332.09;2374.38
9205;3529.3;3878.11;2332.09;2374.38
9206;3529.3;3878.11;2332.09;2374.38
9207;3529.3;3878.11;2332.09;2374.38
9208;3529.3;3878.11;2332.09;2374.38
9209;3529.3;3878.11;2332.09;2374.38
9210;3529.3;3878.11;2332.09;2374.38
9211;3529.3;3878.11;2332.09;2374.38
9212;3529.3;3878.11;2332.09;2374.38
9213;3529.3;3878.11;2332.09;2374.38
9214;3529.3;3878.11;2332.09;2374.38
9215;3529.3;3878.11;2332.09;2374.38
9216;3529.3;3878.11;2332.09;2374.38
9217;3529.3;3878.11;2332.09;2374.38
9218;3529.3;3878.11;2332.09;2374.38
9219;3529.3;3878.11;2332.09;2374.38
9220;3529.3;3878.11;2332.09;2374.38
9221;3529.3;3878.11;2332.09;2374.38
9222;3529.3;3878.11;2332.09;2374.38
9223;3529.3;3878.11;2332.09;2374.38
9224;3529.3;3878.11;2332.09;2374.38
9225;3529.3;3878.11;2332.09;2374.38
9226;3529.3;3878.11;2332.09;2374.38
9227;3529.3;3878.11;2332.09;2374.38
9228;3529.3;3878.11;2332.09;2374.38
9229;3529.3;3878.11;2332.09;2374.38
9230;3529.3;3878.11;2332.09;2374.38
9231;3529.3;3878.11;2332.09;2374.38
9232;3529.3;3878.11;2332.09;2374.38
9233;3529.3;3878.11;2332.09;2374.38
9234;3529.3;3878.11;2332.09;2374.38
9235;3529.3;3878.11;2332.09;2374.38
9236;3529.3;3878.11;2332.09;2374.38
9237;3529.3;3878.11;2332.09;2374.38
9238;3529.3;3878.11;2332.09;2374.38
9239;3529.3;3878.11;2332.09;2374.38
9240;3529.3;3878.11;2332.09;2374.38
9241;3529.3;3878.11;2332.09;2374.38
9242;3529.3;3878.11;2332.09;2374.38
9243;3529.3;3878.11;2332.09;2374.38
9244;3529.3;3878.11;2332.09;2374.38
9245;3529.3;3878.11;2332.09;2374.38
9246;3529.3;3878.11;2332.09;2374.38
9247;3529.3;3878.11;2332.09;2374.38
9248;3529.3;3878.11;2332.09;2374.38
9249;3529.3;3878.11;2332.09;2374.38
9250;3529.3;3878.11;2332.09;2374.38
9251;3529.3;3878.11;2332.09;2374.38
9252;3529.3;3878.11;2332.09;2374.38
9253;3529.3;3878.11;2332.09;2374.38
9254;3529.3;3878.11;2332.09;2374.38
9255;3529.3;3878.11;2332.09;2374.38
9256;3529.3;3878.11;2332.09;2374.38
9257;3529.3;3878.11;2332.09;2374.38
9258;3529.3;3878.11;2332.09;2374.38
9259;3529.3;3878.11;2332.09;2374.38
9260;3529.3;3878.11;2332.09;2374.38
9261;3529.3;3878.11;2332.09;2374.38
9262;3529.3;3878.11;2332.09;2374.38
9263;3529.3;3878.11;2332.09;2374.38
9264;3529.3;3878.11;2332.09;2374.38
9265;3529.3;3878.11;2332.09;2374.38
9266;3529.3;3878.11;2332.09;2374.38
9267;3529.3;3878.11;2332.09;2374.38
9268;3529.3;3878.11;2332.09;2374.38
9269;3529.3;3878.11;2332.09;2374.38
9270;3529.3;3878.11;2332.09;2374.38
9271;3529.3;3878.11;2332.09;2374.38
9272;3529.3;3878.11;2332.09;2374.38
9273;3529.3;3878.11;2332.09;2374.38
9274;3529.3;3878.11;2332.09;2374.38
9275;3529.3;3878.11;2332.09;2374.38
9276;3529.3;3878.11;2332.09;2374.38
9277;3529.3;3878.11;2332.09;2374.38
9278;3529.3;3878.11;2332.09;2374.38
9279;3529.3;3878.11;2332.09;2374.38
9280;3529.3;3878.11;2332.09;2374.38
9281;3529.3;3878.11;2332.09;2374.38
9282;3529.3;3878.11;2332.09;2374.38
9283;3529.3;3878.11;2332.09;2374.38
9284;3529.3;3878.11;2332.09;2374.38
9285;3529.3;3878.11;2332.09;2374.38
9286;3529.3;3878.11;2332.09;2374.38
9287;3529.3;3878.11;2332.09;2374.38
9288;3529.3;3878.11;2332.09;2374.38
9289;3529.3;3878.11;2332.09;2374.38
9290;3529.3;3878.11;2332.09;2374.38
9291;3529.3;3878.11;2332.09;2374.38
9292;3529.3;3878.11;2332.09;2374.38
9293;3529.3;3878.11;2332.09;2374.38
9294;3529.3;3878.11;2332.09;2374.38
9295;3529.3;3878.11;2332.09;2374.38
9296;3529.3;3878.11;2332.09;2374.38
9297;3529.3;3878.11;2332.09;2374.38
9298;3529.3;3878.11;2332.09;2374.38
9299;3529.3;3878.11;2332.09;2374.38
9300;3529.3;3878.11;2332.09;2374.38
9301;3248.86;3256.48;6573.44;6644.77
9302;3248.86;3256.48;6573.44;6644.77
9303;3248.86;3256.48;6573.44;6644.77
9304;3248.86;3256.48;6573.44;6644.77
9305;3248.86;3256.48;6573.44;6644.77
9306;3248.86;3256.48;6573.44;6644.77
9307;3248.86;3256.48;6573.44;6644.77
9308;3222.95;3310.92;7495.78;6819.47
9309;3435.48;3422.01;6711.77;6195.36
9310;3435.48;3422.01;6711.77;6195.36
9311;3241.23;3253.92;7094.67;6420.7
9312;3317.64;3394.51;7133.1;6793.06
9313;3317.64;3394.51;7133.1;6793.06
9314;3317.64;3394.51;7133.1;6793.06
9315;3317.64;3394.51;7133.1;6793.06
9316;3317.64;3394.51;7133.1;6793.06
9317;3317.64;3394.51;7133.1;6793.06
9318;3341.35;3363.29;6941.27;6931.49
9319;3341.35;3363.29;6941.27;6931.49
9320;3341.35;3363.29;6941.27;6931.49
9321;3341.35;3363.29;6941.27;6931.49
9322;3341.35;3363.29;6941.27;6931.49
9323;3341.35;3363.29;6941.27;6931.49
9324;3341.35;3363.29;6941.27;6931.49
9325;3341.35;3363.29;6941.27;6931.49
9326;3341.35;3363.29;6941.27;6931.49
9327;3588.78;3275.83;7244.07;6750.81
9328;3215.14;3339.57;6453.87;6846.4
9329;3293.96;3340.39;7102.86;7062.05
9330;3377.51;3379.3;6966.8;6734.03
9331;3377.51;3379.3;6966.8;6734.03
9332;3371.93;3390.87;7140.24;6930.28
9333;3490.9;3437.72;6836.42;6729.2
9334;3490.9;3437.72;6836.42;6729.2
9335;3480.72;3385.78;7178.86;6281.78
9336;3480.72;3385.78;7178.86;6281.78
9337;3442.57;3429.25;7272.18;6983.71
9338;3547.69;3332.84;7144.33;7150.49
9339;3468.87;3424.11;7302.66;6824
9340;3399.18;3330.5;8243.42;7291.02
9341;3399.18;3330.5;8243.42;7291.02
9342;3485.75;3511.47;7175.02;7087.23
9343;3575.4;3515.16;7086.98;6939.8
9344;3548.75;3595.75;6990.04;7244.17
9345;3548.75;3595.75;6990.04;7244.17
9346;3354.06;3460.68;7064.56;6824.21
9347;3563.9;3555.64;6948.1;7159.72
9348;3563.9;3555.64;6948.1;7159.72
9349;3563.9;3555.64;6948.1;7159.72
9350;3563.9;3555.64;6948.1;7159.72
9351;3563.9;3555.64;6948.1;7159.72
9352;3563.9;3555.64;6948.1;7159.72
9353;3563.9;3555.64;6948.1;7159.72
9354;3530.84;3547.73;7176.61;6985.89
9355;3530.84;3547.73;7176.61;6985.89
9356;3530.84;3547.73;7176.61;6985.89
9357;3746.75;3689.78;7679.03;6897.09
9358;3746.75;3689.78;7679.03;6897.09
9359;3612.23;3605.28;7226.4;7167.75
9360;3757.74;3616.2;7006.66;7038.83
9361;3585.95;3657.3;7300.86;7130.19
9362;3585.95;3657.3;7300.86;7130.19
9363;3636.35;3614.07;7104.78;7173.81
9364;3790.25;3641.72;6910.79;7295.6
9365;3705.7;3668.73;7132.13;7177.76
9366;3694.6;3682.3;7711.79;7254.23
9367;3696.56;3665.54;7387.68;7311.36
9368;3696.56;3665.54;7387.68;7311.36
9369;3696.56;3665.54;7387.68;7311.36
9370;3696.56;3665.54;7387.68;7311.36
9371;3696.56;3665.54;7387.68;7311.36
9372;3696.56;3665.54;7387.68;7311.36
9373;3696.56;3665.54;7387.68;7311.36
9374;3696.56;3665.54;7387.68;7311.36
9375;3696.56;3665.54;7387.68;7311.36
9376;3696.56;3665.54;7387.68;7311.36
9377;3696.56;3665.54;7387.68;7311.36
9378;3696.56;3665.54;7387.68;7311.36
9379;3696.56;3665.54;7387.68;7311.36
9380;3771.95;3722.69;7419.48;7209.02
9381;3771.95;3722.69;7419.48;7209.02
9382;3771.95;3722.69;7419.48;7209.02
9383;3719.51;3765.07;7485.58;7156.91
9384;3832.37;3778.47;7465.36;7240.46
9385;3785.14;3801.69;7223.93;7429.34
9386;3886.41;3820.61;7709.5;7709.74
9387;3991.69;3862.15;7280.54;7993.79
9388;3903.59;3929.86;7643.92;7692.25
9389;3983.42;3869.56;7740.01;7537.87
9390;3934.39;3943.52;7458.64;8165.14
9391;4200.12;3954.8;7496.94;7405.09
9392;3858.72;3926.24;7725.72;7901.33
9393;3858.72;3926.24;7725.72;7901.33
9394;3858.72;3926.24;7725.72;7901.33
9395;3858.72;3926.24;7725.72;7901.33
9396;3858.72;3926.24;7725.72;7901.33
9397;3858.72;3926.24;7725.72;7901.33
9398;3858.72;3926.24;7725.72;7901.33
9399;3858.72;3926.24;7725.72;7901.33
9400;3858.72;3926.24;7725.72;7901.33
9401;3858.72;3926.24;7725.72;7901.33
9402;3858.72;3926.24;7725.72;7901.33
9403;3858.72;3926.24;7725.72;7901.33
9404;3858.72;3926.24;7725.72;7901.33
9405;3858.72;3926.24;7725.72;7901.33
9406;3858.72;3926.24;7725.72;7901.33
9407;3858.72;3926.24;7725.72;7901.33
9408;3858.72;3926.24;7725.72;7901.33
9409;3948.74;3969.41;7695.01;7836.74
9410;3948.74;3969.41;7695.01;7836.74
9411;3948.74;3969.41;7695.01;7836.74
9412;3917.54;3970.49;7969.85;7708.99
9413;3917.54;3970.49;7969.85;7708.99
9414;3917.54;3970.49;7969.85;7708.99
9415;3922.27;3944.17;8638.16;8256.53
9416;3922.27;3944.17;8638.16;8256.53
9417;3922.27;3944.17;8638.16;8256.53
9418;3922.27;3944.17;8638.16;8256.53
9419;3922.27;3944.17;8638.16;8256.53
9420;3922.27;3944.17;8638.16;8256.53
9421;3922.27;3944.17;8638.16;8256.53
9422;3922.27;3944.17;8638.16;8256.53
9423;3922.27;3944.17;8638.16;8256.53
9424;3922.27;3944.17;8638.16;8256.53
9425;3922.27;3944.17;8638.16;8256.53
9426;3922.27;3944.17;8638.16;8256.53
9427;3922.27;3944.17;8638.16;8256.53
9428;3922.27;3944.17;8638.16;8256.53
9429;3922.27;3944.17;8638.16;8256.53
9430;3922.27;3944.17;8638.16;8256.53
9431;3922.27;3944.17;8638.16;8256.53
9432;3922.27;3944.17;8638.16;8256.53
9433;4015.61;4018.58;8227.22;7790.5
9434;4042.33;3919.25;7735.11;7852.13
9435;4019.24;3989.17;7739.19;7981.54
9436;3908.22;4032.14;8177.6;7514.57
9437;3939.3;3983.96;8168.13;7862.48
9438;4080.9;3972.8;7401.39;7907.06
9439;3938.08;3922.49;8372.95;7536.25
9440;3938.08;3922.49;8372.95;7536.25
9441;4074.41;3999.71;7808.51;7528.71
9442;4074.41;3999.71;7808.51;7528.71
9443;4074.41;3999.71;7808.51;7528.71
9444;4074.41;3999.71;7808.51;7528.71
9445;3860;3813.19;7458.77;7550.68
9446;3860;3813.19;7458.77;7550.68
9447;3860;3813.19;7458.77;7550.68
9448;3917.65;3894.76;7769.72;7508.96
9449;3917.65;3894.76;7769.72;7508.96
9450;3917.65;3894.76;7769.72;7508.96
9451;3917.65;3894.76;7769.72;7508.96
9452;3917.65;3894.76;7769.72;7508.96
9453;3917.65;3894.76;7769.72;7508.96
9454;3917.65;3894.76;7769.72;7508.96
9455;3917.65;3894.76;7769.72;7508.96
9456;3917.65;3894.76;7769.72;7508.96
9457;3917.65;3894.76;7769.72;7508.96
9458;3917.65;3894.76;7769.72;7508.96
9459;3917.65;3894.76;7769.72;7508.96
9460;3917.65;3894.76;7769.72;7508.96
9461;3917.65;3894.76;7769.72;7508.96
9462;3917.65;3894.76;7769.72;7508.96
9463;3917.65;3894.76;7769.72;7508.96
9464;3917.65;3894.76;7769.72;7508.96
9465;3917.65;3894.76;7769.72;7508.96
9466;3917.65;3894.76;7769.72;7508.96
9467;3917.65;3894.76;7769.72;7508.96
9468;3917.65;3894.76;7769.72;7508.96
9469;3917.65;3894.76;7769.72;7508.96
9470;3917.65;3894.76;7769.72;7508.96
9471;3917.65;3894.76;7769.72;7508.96
9472;3917.65;3894.76;7769.72;7508.96
9473;3917.65;3894.76;7769.72;7508.96
9474;3917.65;3894.76;7769.72;7508.96
9475;3917.65;3894.76;7769.72;7508.96
9476;3917.65;3894.76;7769.72;7508.96
9477;3917.65;3894.76;7769.72;7508.96
9478;3917.65;3894.76;7769.72;7508.96
9479;3917.65;3894.76;7769.72;7508.96
9480;3917.65;3894.76;7769.72;7508.96
9481;3917.65;3894.76;7769.72;7508.96
9482;3917.65;3894.76;7769.72;7508.96
9483;3917.65;3894.76;7769.72;7508.96
9484;3917.65;3894.76;7769.72;7508.96
9485;3917.65;3894.76;7769.72;7508.96
9486;3917.65;3894.76;7769.72;7508.96
9487;3917.65;3894.76;7769.72;7508.96
9488;3917.65;3894.76;7769.72;7508.96
9489;3917.65;3894.76;7769.72;7508.96
9490;3917.65;3894.76;7769.72;7508.96
9491;3917.65;3894.76;7769.72;7508.96
9492;3917.65;3894.76;7769.72;7508.96
9493;3917.65;3894.76;7769.72;7508.96
9494;3917.65;3894.76;7769.72;7508.96
9495;3917.65;3894.76;7769.72;7508.96
9496;3917.65;3894.76;7769.72;7508.96
9497;3917.65;3894.76;7769.72;7508.96
9498;3917.65;3894.76;7769.72;7508.96
9499;3917.65;3894.76;7769.72;7508.96
9500;3917.65;3894.76;7769.72;7508.96
9501;3917.65;3894.76;7769.72;7508.96
9502;3917.65;3894.76;7769.72;7508.96
9503;3917.65;3894.76;7769.72;7508.96
9504;3917.65;3894.76;7769.72;7508.96
9505;3917.65;3894.76;7769.72;7508.96
9506;3917.65;3894.76;7769.72;7508.96
9507;3917.65;3894.76;7769.72;7508.96
9508;3917.65;3894.76;7769.72;7508.96
9509;3917.65;3894.76;7769.72;7508.96
9510;3917.65;3894.76;7769.72;7508.96
9511;3917.65;3894.76;7769.72;7508.96
9512;3917.65;3894.76;7769.72;7508.96
9513;3917.65;3894.76;7769.72;7508.96
9514;3917.65;3894.76;7769.72;7508.96
9515;3917.65;3894.76;7769.72;7508.96
9516;3917.65;3894.76;7769.72;7508.96
9517;3917.65;3894.76;7769.72;7508.96
9518;3917.65;3894.76;7769.72;7508.96
9519;3917.65;3894.76;7769.72;7508.96
9520;3917.65;3894.76;7769.72;7508.96
9521;3917.65;3894.76;7769.72;7508.96
9522;3917.65;3894.76;7769.72;7508.96
9523;3917.65;3894.76;7769.72;7508.96
9524;3917.65;3894.76;7769.72;7508.96
9525;3917.65;3894.76;7769.72;7508.96
9526;3917.65;3894.76;7769.72;7508.96
9527;3917.65;3894.76;7769.72;7508.96
9528;3917.65;3894.76;7769.72;7508.96
9529;3917.65;3894.76;7769.72;7508.96
9530;3917.65;3894.76;7769.72;7508.96
9531;3917.65;3894.76;7769.72;7508.96
9532;3917.65;3894.76;7769.72;7508.96
9533;3784.16;3930.55;7736.78;7385.98
9534;3826.26;3901.34;7650.01;7439.52
9535;3826.26;3901.34;7650.01;7439.52
9536;3826.26;3901.34;7650.01;7439.52
9537;3826.26;3901.34;7650.01;7439.52
9538;3826.26;3901.34;7650.01;7439.52
9539;3826.26;3901.34;7650.01;7439.52
9540;3826.26;3901.34;7650.01;7439.52
9541;3826.26;3901.34;7650.01;7439.52
9542;3826.26;3901.34;7650.01;7439.52
9543;3826.26;3901.34;7650.01;7439.52
9544;3826.26;3901.34;7650.01;7439.52
9545;3826.26;3901.34;7650.01;7439.52
9546;3826.26;3901.34;7650.01;7439.52
9547;3826.26;3901.34;7650.01;7439.52
9548;3826.26;3901.34;7650.01;7439.52
9549;3826.26;3901.34;7650.01;7439.52
9550;3826.26;3901.34;7650.01;7439.52
9551;3826.26;3901.34;7650.01;7439.52
9552;3826.26;3901.34;7650.01;7439.52
9553;3826.26;3901.34;7650.01;7439.52
9554;3826.26;3901.34;7650.01;7439.52
9555;3826.26;3901.34;7650.01;7439.52
9556;3826.26;3901.34;7650.01;7439.52
9557;3826.26;3901.34;7650.01;7439.52
9558;3939.88;3913.53;7566.21;7402.33
9559;3939.88;3913.53;7566.21;7402.33
9560;3922.62;4019.47;7525.84;7512.97
9561;3922.62;4019.47;7525.84;7512.97
9562;3916.51;3987.67;7858.53;7698.73
9563;3916.51;3987.67;7858.53;7698.73
9564;3916.51;3987.67;7858.53;7698.73
9565;3916.51;3987.67;7858.53;7698.73
9566;3916.51;3987.67;7858.53;7698.73
9567;3916.51;3987.67;7858.53;7698.73
9568;3817.84;3882.31;7730.81;7537.44
9569;3898.82;3870.2;7916.28;7526.11
9570;4000.54;3885.19;7664.39;7789.46
9571;4000.54;3885.19;7664.39;7789.46
9572;4000.54;3885.19;7664.39;7789.46
9573;4000.54;3885.19;7664.39;7789.46
9574;4000.54;3885.19;7664.39;7789.46
9575;4000.54;3885.19;7664.39;7789.46
9576;4000.54;3885.19;7664.39;7789.46
9577;4000.54;3885.19;7664.39;7789.46
9578;4000.54;3885.19;7664.39;7789.46
9579;4000.54;3885.19;7664.39;7789.46
9580;4000.54;3885.19;7664.39;7789.46
9581;4000.54;3885.19;7664.39;7789.46
9582;4000.54;3885.19;7664.39;7789.46
9583;3895.84;3964.28;7337.09;7091.33
9584;3895.84;3964.28;7337.09;7091.33
9585;3895.84;3964.28;7337.09;7091.33
9586;3895.84;3964.28;7337.09;7091.33
9587;3914.9;3972.61;7729.32;7753.12
9588;3967.99;3855.32;7308.15;7858.21
9589;3852.68;3901.22;7696.23;7611.91
9590;3851.22;3854.07;7827.06;7622.35
9591;3984.84;3772.02;7766.97;7483.04
9592;3984.84;3772.02;7766.97;7483.04
9593;3810.74;4447.29;8341.05;10000
9594;3827.17;4146.08;8030.05;9094.9
9595;3799.17;4039.62;7850.18;8359.91
9596;3799.17;4039.62;7850.18;8359.91
9597;3821.57;4216.59;7839.63;8539.67
9598;3821.57;4216.59;7839.63;8539.67
9599;3840;4099.36;7873.63;8487.64
9600;3840;4099.36;7873.63;8487.64
9601;3914.89;4093.96;7624.19;8692.68
9602;3779.07;4287.49;7713.45;8948.83
9603;3779.07;4287.49;7713.45;8948.83
9604;3779.07;4287.49;7713.45;8948.83
9605;3779.07;4287.49;7713.45;8948.83
9606;3779.07;4287.49;7713.45;8948.83
9607;3779.07;4287.49;7713.45;8948.83
9608;3779.07;4287.49;7713.45;8948.83
9609;3666.28;3954.57;7415.56;7200.12
9610;3894;4159.42;7143.9;7488.83
9611;3894;4159.42;7143.9;7488.83
9612;3894;4159.42;7143.9;7488.83
9613;3894;4159.42;7143.9;7488.83
9614;3894;4159.42;7143.9;7488.83
9615;3894;4159.42;7143.9;7488.83
9616;3894;4159.42;7143.9;7488.83
9617;3894;4159.42;7143.9;7488.83
9618;3894;4159.42;7143.9;7488.83
9619;3894;4159.42;7143.9;7488.83
9620;3894;4159.42;7143.9;7488.83
9621;3894;4159.42;7143.9;7488.83
9622;3894;4159.42;7143.9;7488.83
9623;3894;4159.42;7143.9;7488.83
9624;3894;4159.42;7143.9;7488.83
9625;3894;4159.42;7143.9;7488.83
9626;3894;4159.42;7143.9;7488.83
9627;3894;4159.42;7143.9;7488.83
9628;3894;4159.42;7143.9;7488.83
9629;3894;4159.42;7143.9;7488.83
9630;3894;4159.42;7143.9;7488.83
9631;3894;4159.42;7143.9;7488.83
9632;3894;4159.42;7143.9;7488.83
9633;3894;4159.42;7143.9;7488.83
9634;3894;4159.42;7143.9;7488.83
9635;3894;4159.42;7143.9;7488.83
9636;3894;4159.42;7143.9;7488.83
9637;3894;4159.42;7143.9;7488.83
9638;3894;4159.42;7143.9;7488.83
9639;3894;4159.42;7143.9;7488.83
9640;3894;4159.42;7143.9;7488.83
9641;3894;4159.42;7143.9;7488.83
9642;3894;4159.42;7143.9;7488.83
9643;3894;4159.42;7143.9;7488.83
9644;3894;4159.42;7143.9;7488.83
9645;3894;4159.42;7143.9;7488.83
9646;3841.86;4312.25;7995.72;9235.58
9647;3841.86;4312.25;7995.72;9235.58
9648;3581.83;4057.59;8255.87;9363.25
9649;3870.85;4138.36;7945.19;8763.6
9650;3870.85;4138.36;7945.19;8763.6
9651;3870.85;4138.36;7945.19;8763.6
9652;3870.85;4138.36;7945.19;8763.6
9653;3870.85;4138.36;7945.19;8763.6
9654;3870.85;4138.36;7945.19;8763.6
9655;3870.85;4138.36;7945.19;8763.6
9656;3870.85;4138.36;7945.19;8763.6
9657;3870.85;4138.36;7945.19;8763.6
9658;3870.85;4138.36;7945.19;8763.6
9659;3870.85;4138.36;7945.19;8763.6
9660;3870.85;4138.36;7945.19;8763.6
9661;3870.85;4138.36;7945.19;8763.6
9662;3870.85;4138.36;7945.19;8763.6
9663;3870.85;4138.36;7945.19;8763.6
9664;3870.85;4138.36;7945.19;8763.6
9665;3870.85;4138.36;7945.19;8763.6
9666;3870.85;4138.36;7945.19;8763.6
9667;3870.85;4138.36;7945.19;8763.6
9668;3870.85;4138.36;7945.19;8763.6
9669;3870.85;4138.36;7945.19;8763.6
9670;3870.85;4138.36;7945.19;8763.6
9671;3870.85;4138.36;7945.19;8763.6
9672;3870.85;4138.36;7945.19;8763.6
9673;3870.85;4138.36;7945.19;8763.6
9674;3870.85;4138.36;7945.19;8763.6
9675;3870.85;4138.36;7945.19;8763.6
9676;3870.85;4138.36;7945.19;8763.6
9677;3870.85;4138.36;7945.19;8763.6
9678;3870.85;4138.36;7945.19;8763.6
9679;3870.85;4138.36;7945.19;8763.6
9680;3870.85;4138.36;7945.19;8763.6
9681;3870.85;4138.36;7945.19;8763.6
9682;3870.85;4138.36;7945.19;8763.6
9683;3870.85;4138.36;7945.19;8763.6
9684;3870.85;4138.36;7945.19;8763.6
9685;3870.85;4138.36;7945.19;8763.6
9686;3870.85;4138.36;7945.19;8763.6
9687;3870.85;4138.36;7945.19;8763.6
9688;3687.22;4195.39;7816.1;8580.79
9689;3687.22;4195.39;7816.1;8580.79
9690;3699.86;4309.51;7991.5;10000
9691;3699.86;4309.51;7991.5;10000
9692;3699.86;4309.51;7991.5;10000
9693;3532.71;4262.91;7926.51;9934.93
9694;3655.82;4396.22;8322.69;10000
9695;3722.84;4351.55;8982.07;10000
9696;3701.06;4157.46;8202.23;9310.37
9697;3701.06;4157.46;8202.23;9310.37
9698;3701.06;4157.46;8202.23;9310.37
9699;3726.96;3732.96;7592.55;7610.13
9700;3711.89;4188.78;7734.32;8811.04
9701;3711.89;4188.78;7734.32;8811.04
9702;3711.89;4188.78;7734.32;8811.04
9703;3711.89;4188.78;7734.32;8811.04
9704;3727.64;4044.9;7893.89;8560.34
9705;3727.64;4044.9;7893.89;8560.34
9706;3727.64;4044.9;7893.89;8560.34
9707;3727.64;4044.9;7893.89;8560.34
9708;3727.64;4044.9;7893.89;8560.34
9709;3727.64;4044.9;7893.89;8560.34
9710;3727.64;4044.9;7893.89;8560.34
9711;3727.64;4044.9;7893.89;8560.34
9712;3727.64;4044.9;7893.89;8560.34
9713;3727.64;4044.9;7893.89;8560.34
9714;3727.64;4044.9;7893.89;8560.34
9715;3731.79;3968.45;7775.38;8069.66
9716;3801.65;4065.79;7924;8267.16
9717;3699.76;3968.6;7758.19;8313.38
9718;3699.76;3968.6;7758.19;8313.38
9719;3699.76;3968.6;7758.19;8313.38
9720;3699.76;3968.6;7758.19;8313.38
9721;3775.04;3961.37;8151.1;8505.54
9722;3775.04;3961.37;8151.1;8505.54
9723;3718.61;3963.51;7864.9;8562.2
9724;3718.61;3963.51;7864.9;8562.2
9725;3607.16;4004.51;7675.45;8537.64
9726;3630.02;3963.22;7780.31;8134.99
9727;3630.02;3963.22;7780.31;8134.99
9728;3682.99;3868.4;7458.34;7656.76
9729;3612.79;3851.64;7370.42;7680.47
9730;3566.93;3918.85;7473.64;8091.82
9731;3665.33;3946.09;7507.69;7934.03
9732;3591.93;3803.23;7183.76;7581.23
9733;3597.04;3817.61;7440.44;7997.63
9734;3597.04;3817.61;7440.44;7997.63
9735;3643.44;4076.25;7853.74;8791.37
9736;3643.44;4076.25;7853.74;8791.37
9737;3643.44;4076.25;7853.74;8791.37
9738;3643.44;4076.25;7853.74;8791.37
9739;3643.44;4076.25;7853.74;8791.37
9740;3643.44;4076.25;7853.74;8791.37
9741;3643.44;4076.25;7853.74;8791.37
9742;3643.44;4076.25;7853.74;8791.37
9743;3613.16;3567.47;6979.79;6805.1
9744;3555.11;3713.25;6869.07;7041.9
9745;3645.23;3685.6;7199.42;7349.53
9746;3670.91;3681.09;7543.69;7409.99
9747;3659.67;3750.97;7672.54;7803.02
9748;3659.67;3750.97;7672.54;7803.02
9749;3659.67;3750.97;7672.54;7803.02
9750;3655.57;3828.72;7709.95;7912.34
9751;3655.57;3828.72;7709.95;7912.34
9752;3744.98;3728.65;7914.04;8353.13
9753;3629.93;3791.03;8111.23;8469.25
9754;3629.93;3791.03;8111.23;8469.25
9755;3629.93;3791.03;8111.23;8469.25
9756;3629.93;3791.03;8111.23;8469.25
9757;3629.93;3791.03;8111.23;8469.25
9758;3690.75;3652.94;7500.53;7599.58
9759;3605.75;3695.4;7810.73;8023.15
9760;3605.75;3695.4;7810.73;8023.15
9761;3605.75;3695.4;7810.73;8023.15
9762;3688.33;3718.77;7398.61;7736.16
9763;3690.27;3755.42;7806.28;7663.43
9764;3735.55;3720.59;7703.25;7557.04
9765;3854.06;3719.97;7449.21;7750
9766;3854.06;3719.97;7449.21;7750
9767;3854.06;3719.97;7449.21;7750
9768;3854.06;3719.97;7449.21;7750
9769;3854.06;3719.97;7449.21;7750
9770;3854.06;3719.97;7449.21;7750
9771;3854.06;3719.97;7449.21;7750
9772;3854.06;3719.97;7449.21;7750
9773;3854.06;3719.97;7449.21;7750
9774;3854.06;3719.97;7449.21;7750
9775;3854.06;3719.97;7449.21;7750
9776;3854.06;3719.97;7449.21;7750
9777;3854.06;3719.97;7449.21;7750
9778;3854.06;3719.97;7449.21;7750
9779;3854.06;3719.97;7449.21;7750
9780;3854.06;3719.97;7449.21;7750
9781;3800.95;3801.77;7414.16;7547.34
9782;3800.95;3801.77;7414.16;7547.34
9783;3800.95;3801.77;7414.16;7547.34
9784;3800.95;3801.77;7414.16;7547.34
9785;3800.95;3801.77;7414.16;7547.34
9786;3800.95;3801.77;7414.16;7547.34
9787;3800.95;3801.77;7414.16;7547.34
9788;3800.95;3801.77;7414.16;7547.34
9789;3800.95;3801.77;7414.16;7547.34
9790;3800.95;3801.77;7414.16;7547.34
9791;3729.46;3699.02;7300.53;8318.21
9792;3731.49;3695.55;7432.92;7470.73
9793;3731.49;3695.55;7432.92;7470.73
9794;3732.99;3747.96;7672.1;7364.06
9795;3732.99;3747.96;7672.1;7364.06
9796;3621.59;3704.28;7617.34;7315.42
9797;3621.59;3704.28;7617.34;7315.42
9798;3621.59;3704.28;7617.34;7315.42
9799;3621.59;3704.28;7617.34;7315.42
9800;3621.59;3704.28;7617.34;7315.42
9801;3621.59;3704.28;7617.34;7315.42
9802;3621.59;3704.28;7617.34;7315.42
9803;3621.59;3704.28;7617.34;7315.42
9804;3621.59;3704.28;7617.34;7315.42
9805;3621.59;3704.28;7617.34;7315.42
9806;3621.59;3704.28;7617.34;7315.42
9807;3750.41;3736.74;7485.62;7497.45
9808;3750.41;3736.74;7485.62;7497.45
9809;3750.41;3736.74;7485.62;7497.45
9810;3750.41;3736.74;7485.62;7497.45
9811;3750.41;3736.74;7485.62;7497.45
9812;3750.41;3736.74;7485.62;7497.45
9813;3750.41;3736.74;7485.62;7497.45
9814;3750.41;3736.74;7485.62;7497.45
9815;3750.41;3736.74;7485.62;7497.45
9816;3750.41;3736.74;7485.62;7497.45
9817;3750.41;3736.74;7485.62;7497.45
9818;3750.41;3736.74;7485.62;7497.45
9819;3750.41;3736.74;7485.62;7497.45
9820;3750.41;3736.74;7485.62;7497.45
9821;3750.41;3736.74;7485.62;7497.45
9822;3750.41;3736.74;7485.62;7497.45
9823;3750.41;3736.74;7485.62;7497.45
9824;3750.41;3736.74;7485.62;7497.45
9825;3750.41;3736.74;7485.62;7497.45
9826;3750.41;3736.74;7485.62;7497.45
9827;3750.41;3736.74;7485.62;7497.45
9828;3750.41;3736.74;7485.62;7497.45
9829;3750.41;3736.74;7485.62;7497.45
9830;3750.41;3736.74;7485.62;7497.45
9831;3750.41;3736.74;7485.62;7497.45
9832;3750.41;3736.74;7485.62;7497.45
9833;3750.41;3736.74;7485.62;7497.45
9834;3750.41;3736.74;7485.62;7497.45
9835;3750.41;3736.74;7485.62;7497.45
9836;3750.41;3736.74;7485.62;7497.45
9837;3703.92;3847.73;7669.48;8598.17
9838;3703.92;3847.73;7669.48;8598.17
9839;3703.92;3847.73;7669.48;8598.17
9840;3703.92;3847.73;7669.48;8598.17
9841;3703.92;3847.73;7669.48;8598.17
9842;3703.92;3847.73;7669.48;8598.17
9843;3703.92;3847.73;7669.48;8598.17
9844;3798.04;3945.12;8410.51;8743.76
9845;3798.04;3945.12;8410.51;8743.76
9846;3798.04;3945.12;8410.51;8743.76
9847;3798.04;3945.12;8410.51;8743.76
9848;3798.04;3945.12;8410.51;8743.76
9849;3798.04;3945.12;8410.51;8743.76
9850;3798.04;3945.12;8410.51;8743.76
9851;3798.04;3945.12;8410.51;8743.76
9852;3798.04;3945.12;8410.51;8743.76
9853;3798.04;3945.12;8410.51;8743.76
9854;3611.42;4150.1;8550.75;8606.86
9855;3611.42;4150.1;8550.75;8606.86
9856;3611.42;4150.1;8550.75;8606.86
9857;3611.42;4150.1;8550.75;8606.86
9858;3611.42;4150.1;8550.75;8606.86
9859;3611.42;4150.1;8550.75;8606.86
9860;3611.42;4150.1;8550.75;8606.86
9861;3611.42;4150.1;8550.75;8606.86
9862;3611.42;4150.1;8550.75;8606.86
9863;3611.42;4150.1;8550.75;8606.86
9864;3611.42;4150.1;8550.75;8606.86
9865;3611.42;4150.1;8550.75;8606.86
9866;3611.42;4150.1;8550.75;8606.86
9867;3611.42;4150.1;8550.75;8606.86
9868;3611.42;4150.1;8550.75;8606.86
9869;3611.42;4150.1;8550.75;8606.86
9870;3611.42;4150.1;8550.75;8606.86
9871;3611.42;4150.1;8550.75;8606.86
9872;3732.79;4074.61;7839.66;8667.01
9873;3732.79;4074.61;7839.66;8667.01
9874;3732.79;4074.61;7839.66;8667.01
9875;3732.79;4074.61;7839.66;8667.01
9876;3732.79;4074.61;7839.66;8667.01
9877;3732.79;4074.61;7839.66;8667.01
9878;3732.79;4074.61;7839.66;8667.01
9879;3732.79;4074.61;7839.66;8667.01
9880;3732.79;4074.61;7839.66;8667.01
9881;3732.79;4074.61;7839.66;8667.01
9882;3732.79;4074.61;7839.66;8667.01
9883;3732.79;4074.61;7839.66;8667.01
9884;3732.79;4074.61;7839.66;8667.01
9885;3732.79;4074.61;7839.66;8667.01
9886;3732.79;4074.61;7839.66;8667.01
9887;3732.79;4074.61;7839.66;8667.01
9888;3732.79;4074.61;7839.66;8667.01
9889;3732.79;4074.61;7839.66;8667.01
9890;3732.79;4074.61;7839.66;8667.01
9891;3732.79;4074.61;7839.66;8667.01
9892;3732.79;4074.61;7839.66;8667.01
9893;3732.79;4074.61;7839.66;8667.01
9894;3732.79;4074.61;7839.66;8667.01
9895;3732.79;4074.61;7839.66;8667.01
9896;3732.79;4074.61;7839.66;8667.01
9897;3732.79;4074.61;7839.66;8667.01
9898;3732.79;4074.61;7839.66;8667.01
9899;3732.79;4074.61;7839.66;8667.01
9900;3732.79;4074.61;7839.66;8667.01
9901;3732.79;4074.61;7839.66;8667.01
9902;3732.79;4074.61;7839.66;8667.01
9903;3732.79;4074.61;7839.66;8667.01
9904;3732.79;4074.61;7839.66;8667.01
9905;3732.79;4074.61;7839.66;8667.01
9906;3732.79;4074.61;7839.66;8667.01
9907;3732.79;4074.61;7839.66;8667.01
9908;3732.79;4074.61;7839.66;8667.01
9909;3732.79;4074.61;7839.66;8667.01
9910;3732.79;4074.61;7839.66;8667.01
9911;3732.79;4074.61;7839.66;8667.01
9912;3732.79;4074.61;7839.66;8667.01
9913;3732.79;4074.61;7839.66;8667.01
9914;3863.22;3829.05;7979.76;7751.61
9915;3863.22;3829.05;7979.76;7751.61
9916;3863.22;3829.05;7979.76;7751.61
9917;3863.22;3829.05;7979.76;7751.61
9918;3863.22;3829.05;7979.76;7751.61
9919;3863.22;3829.05;7979.76;7751.61
9920;3863.22;3829.05;7979.76;7751.61
9921;4163.03;4035.53;7953.58;7897.43
9922;3925.97;3896.87;7929.34;7796.91
9923;3925.97;3896.87;7929.34;7796.91
9924;4107.03;3800.21;8180.94;7797.62
9925;3958.48;3886.55;7923.66;8216.59
9926;3936.69;3904.6;8120.05;7891.83
9927;3936.69;3904.6;8120.05;7891.83
9928;3936.69;3904.6;8120.05;7891.83
9929;3936.69;3904.6;8120.05;7891.83
9930;3936.69;3904.6;8120.05;7891.83
9931;3936.69;3904.6;8120.05;7891.83
9932;3936.69;3904.6;8120.05;7891.83
9933;3936.69;3904.6;8120.05;7891.83
9934;3936.69;3904.6;8120.05;7891.83
9935;3936.69;3904.6;8120.05;7891.83
9936;3936.69;3904.6;8120.05;7891.83
9937;3936.69;3904.6;8120.05;7891.83
9938;3936.69;3904.6;8120.05;7891.83
9939;3936.69;3904.6;8120.05;7891.83
9940;3936.69;3904.6;8120.05;7891.83
9941;3945.51;4130.98;8056.11;8920.64
9942;3909.75;3662.16;7942.34;7936.44
9943;3909.75;3662.16;7942.34;7936.44
9944;3969.99;4539.49;8495.24;9336.94
9945;4018.06;4699.67;8738.38;10144
9946;3945;4802.4;8600.54;10247.3
9947;3945;4802.4;8600.54;10247.3
9948;3945;4802.4;8600.54;10247.3
9949;3705.8;3485.84;7995.48;7936.23
9950;3705.8;3485.84;7995.48;7936.23
9951;3759.56;4542.14;8390.81;9803.81
9952;3759.56;4542.14;8390.81;9803.81
9953;3829.94;3670.65;8127.16;8911.81
9954;3867.64;4337.59;9199.61;9816.9
9955;3867.64;4337.59;9199.61;9816.9
9956;4021.91;4603.71;7669.31;10204.2
9957;4021.91;4603.71;7669.31;10204.2
9958;4021.91;4603.71;7669.31;10204.2
9959;3852.87;4603.12;8333.88;10189.4
9960;3763.61;4675.04;8129.71;10310.4
9961;3763.61;4675.04;8129.71;10310.4
9962;3763.61;4675.04;8129.71;10310.4
9963;3769.27;4676.13;8276.34;8750.58
9964;3769.27;4676.13;8276.34;8750.58
9965;3784.2;4740.17;8345.12;9766.56
9966;3784.2;4740.17;8345.12;9766.56
9967;3802.34;3420.03;9235.87;8042.33
9968;3802.34;3420.03;9235.87;8042.33
9969;3818.8;4295.08;8752.78;10227.8
9970;3818.8;4295.08;8752.78;10227.8
9971;3818.8;4295.08;8752.78;10227.8
9972;3677.5;4421.97;8223.06;10415.6
9973;3677.5;4421.97;8223.06;10415.6
9974;3652.41;4146.79;8553.8;10182.7
9975;3652.41;4146.79;8553.8;10182.7
9976;3689.58;4487.05;8496.84;10606.1
9977;3791.71;4438.12;7983.14;9648.44
9978;3791.71;4438.12;7983.14;9648.44
9979;3778.54;4304.22;8307.18;9433.41
9980;3778.54;4304.22;8307.18;9433.41
9981;3824.37;4460.88;8563.92;8906.64
9982;3839.96;4301.19;8586.2;9532.54
9983;3839.96;4301.19;8586.2;9532.54
9984;3832.54;4148.16;8618.47;9737.9
9985;3832.54;4148.16;8618.47;9737.9
9986;3832.54;4148.16;8618.47;9737.9
9987;3832.54;4148.16;8618.47;9737.9
9988;3832.54;4148.16;8618.47;9737.9
9989;3832.54;4148.16;8618.47;9737.9
9990;3832.54;4148.16;8618.47;9737.9
9991;3832.54;4148.16;8618.47;9737.9
9992;3832.54;4148.16;8618.47;9737.9
9993;3832.54;4148.16;8618.47;9737.9
9994;3832.54;4148.16;8618.47;9737.9
9995;3832.54;4148.16;8618.47;9737.9
9996;3832.54;4148.16;8618.47;9737.9
9997;3832.54;4148.16;8618.47;9737.9
9998;3832.54;4148.16;8618.47;9737.9
9999;3832.54;4148.16;8618.47;9737.9
10000;3832.54;4148.16;8618.47;9737.9
10001;3832.54;4148.16;8618.47;9737.9
10002;3832.54;4148.16;8618.47;9737.9
10003;3832.54;4148.16;8618.47;9737.9
10004;3832.54;4148.16;8618.47;9737.9
10005;3832.54;4148.16;8618.47;9737.9
10006;3832.54;4148.16;8618.47;9737.9
10007;3832.54;4148.16;8618.47;9737.9
10008;3832.54;4148.16;8618.47;9737.9
10009;3832.54;4148.16;8618.47;9737.9
10010;3832.54;4148.16;8618.47;9737.9
10011;3832.54;4148.16;8618.47;9737.9
10012;3832.54;4148.16;8618.47;9737.9
10013;3832.54;4148.16;8618.47;9737.9
10014;3832.54;4148.16;8618.47;9737.9
10015;3832.54;4148.16;8618.47;9737.9
10016;3832.54;4148.16;8618.47;9737.9
10017;3832.54;4148.16;8618.47;9737.9
10018;3832.54;4148.16;8618.47;9737.9
10019;3832.54;4148.16;8618.47;9737.9
10020;3832.54;4148.16;8618.47;9737.9
10021;3832.54;4148.16;8618.47;9737.9
10022;3832.54;4148.16;8618.47;9737.9
10023;3832.54;4148.16;8618.47;9737.9
10024;3832.54;4148.16;8618.47;9737.9
10025;3832.54;4148.16;8618.47;9737.9
10026;3832.54;4148.16;8618.47;9737.9
10027;3832.54;4148.16;8618.47;9737.9
10028;3832.54;4148.16;8618.47;9737.9
10029;3832.54;4148.16;8618.47;9737.9
10030;3832.54;4148.16;8618.47;9737.9
10031;3832.54;4148.16;8618.47;9737.9
10032;3832.54;4148.16;8618.47;9737.9
10033;3832.54;4148.16;8618.47;9737.9
10034;3832.54;4148.16;8618.47;9737.9
10035;3832.54;4148.16;8618.47;9737.9
10036;3832.54;4148.16;8618.47;9737.9
10037;3832.54;4148.16;8618.47;9737.9
10038;3832.54;4148.16;8618.47;9737.9
10039;3832.54;4148.16;8618.47;9737.9
10040;3832.54;4148.16;8618.47;9737.9
10041;3832.54;4148.16;8618.47;9737.9
10042;3832.54;4148.16;8618.47;9737.9
10043;3832.54;4148.16;8618.47;9737.9
10044;3832.54;4148.16;8618.47;9737.9
10045;3832.54;4148.16;8618.47;9737.9
10046;3832.54;4148.16;8618.47;9737.9
10047;3832.54;4148.16;8618.47;9737.9
10048;3832.54;4148.16;8618.47;9737.9
10049;3832.54;4148.16;8618.47;9737.9
10050;3832.54;4148.16;8618.47;9737.9
10051;3832.54;4148.16;8618.47;9737.9
10052;3832.54;4148.16;8618.47;9737.9
10053;3832.54;4148.16;8618.47;9737.9
10054;3985.47;4270.24;8785.21;10166.6
10055;3985.47;4270.24;8785.21;10166.6
10056;3985.47;4270.24;8785.21;10166.6
10057;3985.47;4270.24;8785.21;10166.6
10058;3985.47;4270.24;8785.21;10166.6
10059;4095.52;4171.42;8726.22;9471.58
10060;4095.52;4171.42;8726.22;9471.58
10061;4095.52;4171.42;8726.22;9471.58
10062;4095.52;4171.42;8726.22;9471.58
10063;4095.52;4171.42;8726.22;9471.58
10064;4048.67;4707.62;8884.32;11156.2
10065;4051.29;4835.62;9224.58;10919.2
10066;4063.69;4662.92;9638.68;10880.6
10067;4063.69;4662.92;9638.68;10880.6
10068;4063.69;4662.92;9638.68;10880.6
10069;4063.69;4662.92;9638.68;10880.6
10070;4063.69;4662.92;9638.68;10880.6
10071;4063.69;4662.92;9638.68;10880.6
10072;4063.69;4662.92;9638.68;10880.6
10073;4063.69;4662.92;9638.68;10880.6
10074;4063.69;4662.92;9638.68;10880.6
10075;4063.69;4662.92;9638.68;10880.6
10076;4063.69;4662.92;9638.68;10880.6
10077;4063.69;4662.92;9638.68;10880.6
10078;4063.69;4662.92;9638.68;10880.6
10079;4063.69;4662.92;9638.68;10880.6
10080;4063.69;4662.92;9638.68;10880.6
10081;4063.69;4662.92;9638.68;10880.6
10082;4063.69;4662.92;9638.68;10880.6
10083;4063.69;4662.92;9638.68;10880.6
10084;4010.21;4511.39;8443.27;9713.84
10085;4030.43;3741.22;8577.77;8171.64
10086;4030.43;3741.22;8577.77;8171.64
10087;4030.43;3741.22;8577.77;8171.64
10088;4030.43;3741.22;8577.77;8171.64
10089;4030.43;3741.22;8577.77;8171.64
10090;4030.43;3741.22;8577.77;8171.64
10091;4030.43;3741.22;8577.77;8171.64
10092;4030.43;3741.22;8577.77;8171.64
10093;4030.43;3741.22;8577.77;8171.64
10094;4030.43;3741.22;8577.77;8171.64
10095;4030.43;3741.22;8577.77;8171.64
10096;3788.95;3682.32;8413.44;8968.39
10097;3971.25;3823.6;8249.16;8648.13
10098;3971.25;3823.6;8249.16;8648.13
10099;3971.25;3823.6;8249.16;8648.13
10100;3971.25;3823.6;8249.16;8648.13
10101;3971.25;3823.6;8249.16;8648.13
10102;3971.25;3823.6;8249.16;8648.13
10103;3971.25;3823.6;8249.16;8648.13
10104;3971.25;3823.6;8249.16;8648.13
10105;3971.25;3823.6;8249.16;8648.13
10106;3971.25;3823.6;8249.16;8648.13
10107;3971.25;3823.6;8249.16;8648.13
10108;3971.25;3823.6;8249.16;8648.13
10109;3971.25;3823.6;8249.16;8648.13
10110;3971.25;3823.6;8249.16;8648.13
10111;3971.25;3823.6;8249.16;8648.13
10112;3971.25;3823.6;8249.16;8648.13
10113;3971.25;3823.6;8249.16;8648.13
10114;3971.25;3823.6;8249.16;8648.13
10115;3971.25;3823.6;8249.16;8648.13
10116;3971.25;3823.6;8249.16;8648.13
10117;3971.25;3823.6;8249.16;8648.13
10118;3971.25;3823.6;8249.16;8648.13
10119;3971.25;3823.6;8249.16;8648.13
10120;3971.25;3823.6;8249.16;8648.13
10121;3971.25;3823.6;8249.16;8648.13
10122;3971.25;3823.6;8249.16;8648.13
10123;3971.25;3823.6;8249.16;8648.13
10124;3971.25;3823.6;8249.16;8648.13
10125;3971.25;3823.6;8249.16;8648.13
10126;3971.25;3823.6;8249.16;8648.13
10127;3971.25;3823.6;8249.16;8648.13
10128;3971.25;3823.6;8249.16;8648.13
10129;3971.25;3823.6;8249.16;8648.13
10130;3971.25;3823.6;8249.16;8648.13
10131;3971.25;3823.6;8249.16;8648.13
10132;3971.25;3823.6;8249.16;8648.13
10133;3971.25;3823.6;8249.16;8648.13
10134;3971.25;3823.6;8249.16;8648.13
10135;3971.25;3823.6;8249.16;8648.13
10136;3971.25;3823.6;8249.16;8648.13
10137;3971.25;3823.6;8249.16;8648.13
10138;3971.25;3823.6;8249.16;8648.13
10139;3971.25;3823.6;8249.16;8648.13
10140;3971.25;3823.6;8249.16;8648.13
10141;3971.25;3823.6;8249.16;8648.13
10142;3971.25;3823.6;8249.16;8648.13
10143;3971.25;3823.6;8249.16;8648.13
10144;3971.25;3823.6;8249.16;8648.13
10145;3889.07;4258.02;8474.31;8044.93
10146;3889.07;4258.02;8474.31;8044.93
10147;3956.63;4107.29;9570.71;8472.47
10148;4086.11;4214.14;9432.15;8443.47
10149;3903.3;4073.85;8446.68;8274.41
10150;3903.3;4073.85;8446.68;8274.41
10151;3903.3;4073.85;8446.68;8274.41
10152;3903.3;4073.85;8446.68;8274.41
10153;3903.3;4073.85;8446.68;8274.41
10154;3903.3;4073.85;8446.68;8274.41
10155;3903.3;4073.85;8446.68;8274.41
10156;3903.3;4073.85;8446.68;8274.41
10157;3903.3;4073.85;8446.68;8274.41
10158;3903.3;4073.85;8446.68;8274.41
10159;3903.3;4073.85;8446.68;8274.41
10160;3903.3;4073.85;8446.68;8274.41
10161;3903.3;4073.85;8446.68;8274.41
10162;3903.3;4073.85;8446.68;8274.41
10163;3903.3;4073.85;8446.68;8274.41
10164;3903.3;4073.85;8446.68;8274.41
10165;3903.3;4073.85;8446.68;8274.41
10166;3903.3;4073.85;8446.68;8274.41
10167;3903.3;4073.85;8446.68;8274.41
10168;3903.3;4073.85;8446.68;8274.41
10169;3903.3;4073.85;8446.68;8274.41
10170;3903.3;4073.85;8446.68;8274.41
10171;3903.3;4073.85;8446.68;8274.41
10172;3903.3;4073.85;8446.68;8274.41
10173;3903.3;4073.85;8446.68;8274.41
10174;3903.3;4073.85;8446.68;8274.41
10175;3903.3;4073.85;8446.68;8274.41
10176;3903.3;4073.85;8446.68;8274.41
10177;3903.3;4073.85;8446.68;8274.41
10178;3903.3;4073.85;8446.68;8274.41
10179;3903.3;4073.85;8446.68;8274.41
10180;3903.3;4073.85;8446.68;8274.41
10181;3903.3;4073.85;8446.68;8274.41
10182;3903.3;4073.85;8446.68;8274.41
10183;3903.3;4073.85;8446.68;8274.41
10184;3903.3;4073.85;8446.68;8274.41
10185;3903.3;4073.85;8446.68;8274.41
10186;3903.3;4073.85;8446.68;8274.41
10187;3903.3;4073.85;8446.68;8274.41
10188;3903.3;4073.85;8446.68;8274.41
10189;3903.3;4073.85;8446.68;8274.41
10190;3903.3;4073.85;8446.68;8274.41
10191;3903.3;4073.85;8446.68;8274.41
10192;3903.3;4073.85;8446.68;8274.41
10193;3903.3;4073.85;8446.68;8274.41
10194;3903.3;4073.85;8446.68;8274.41
10195;3903.3;4073.85;8446.68;8274.41
10196;3903.3;4073.85;8446.68;8274.41
10197;3903.3;4073.85;8446.68;8274.41
10198;3903.3;4073.85;8446.68;8274.41
10199;3903.3;4073.85;8446.68;8274.41
10200;3903.3;4073.85;8446.68;8274.41
10201;3903.3;4073.85;8446.68;8274.41
10202;3903.3;4073.85;8446.68;8274.41
10203;3903.3;4073.85;8446.68;8274.41
10204;3903.3;4073.85;8446.68;8274.41
10205;3903.3;4073.85;8446.68;8274.41
10206;3903.3;4073.85;8446.68;8274.41
10207;3903.3;4073.85;8446.68;8274.41
10208;3903.3;4073.85;8446.68;8274.41
10209;3903.3;4073.85;8446.68;8274.41
10210;3903.3;4073.85;8446.68;8274.41
10211;3903.3;4073.85;8446.68;8274.41
10212;3903.3;4073.85;8446.68;8274.41
10213;3903.3;4073.85;8446.68;8274.41
10214;3903.3;4073.85;8446.68;8274.41
10215;3903.3;4073.85;8446.68;8274.41
10216;3903.3;4073.85;8446.68;8274.41
10217;3903.3;4073.85;8446.68;8274.41
10218;3903.3;4073.85;8446.68;8274.41
10219;3903.3;4073.85;8446.68;8274.41
10220;3903.3;4073.85;8446.68;8274.41
10221;3903.3;4073.85;8446.68;8274.41
10222;3903.3;4073.85;8446.68;8274.41
10223;3903.3;4073.85;8446.68;8274.41
10224;3903.3;4073.85;8446.68;8274.41
10225;3903.3;4073.85;8446.68;8274.41
10226;3903.3;4073.85;8446.68;8274.41
10227;3903.3;4073.85;8446.68;8274.41
10228;3903.3;4073.85;8446.68;8274.41
10229;3903.3;4073.85;8446.68;8274.41
10230;3903.3;4073.85;8446.68;8274.41
10231;3903.3;4073.85;8446.68;8274.41
10232;3903.3;4073.85;8446.68;8274.41
10233;3903.3;4073.85;8446.68;8274.41
10234;3903.3;4073.85;8446.68;8274.41
10235;3903.3;4073.85;8446.68;8274.41
10236;3903.3;4073.85;8446.68;8274.41
10237;3903.3;4073.85;8446.68;8274.41
10238;3903.3;4073.85;8446.68;8274.41
10239;3903.3;4073.85;8446.68;8274.41
10240;3903.3;4073.85;8446.68;8274.41
10241;3903.3;4073.85;8446.68;8274.41
10242;3903.3;4073.85;8446.68;8274.41
10243;3903.3;4073.85;8446.68;8274.41
10244;3903.3;4073.85;8446.68;8274.41
10245;3903.3;4073.85;8446.68;8274.41
10246;3903.3;4073.85;8446.68;8274.41
10247;3903.3;4073.85;8446.68;8274.41
10248;3903.3;4073.85;8446.68;8274.41
10249;3903.3;4073.85;8446.68;8274.41
10250;3903.3;4073.85;8446.68;8274.41
10251;3903.3;4073.85;8446.68;8274.41
10252;3903.3;4073.85;8446.68;8274.41
10253;3903.3;4073.85;8446.68;8274.41
10254;3903.3;4073.85;8446.68;8274.41
10255;3903.3;4073.85;8446.68;8274.41
10256;3903.3;4073.85;8446.68;8274.41
10257;3903.3;4073.85;8446.68;8274.41
10258;3903.3;4073.85;8446.68;8274.41
10259;3903.3;4073.85;8446.68;8274.41
10260;3903.3;4073.85;8446.68;8274.41
10261;3903.3;4073.85;8446.68;8274.41
10262;3903.3;4073.85;8446.68;8274.41
10263;3903.3;4073.85;8446.68;8274.41
10264;3903.3;4073.85;8446.68;8274.41
10265;3903.3;4073.85;8446.68;8274.41
10266;3903.3;4073.85;8446.68;8274.41
10267;3903.3;4073.85;8446.68;8274.41
10268;3903.3;4073.85;8446.68;8274.41
10269;3903.3;4073.85;8446.68;8274.41
10270;3903.3;4073.85;8446.68;8274.41
10271;3903.3;4073.85;8446.68;8274.41
10272;3903.3;4073.85;8446.68;8274.41
10273;3903.3;4073.85;8446.68;8274.41
10274;3903.3;4073.85;8446.68;8274.41
10275;3903.3;4073.85;8446.68;8274.41
10276;3903.3;4073.85;8446.68;8274.41
10277;3903.3;4073.85;8446.68;8274.41
10278;3903.3;4073.85;8446.68;8274.41
10279;3903.3;4073.85;8446.68;8274.41
10280;3903.3;4073.85;8446.68;8274.41
10281;3903.3;4073.85;8446.68;8274.41
10282;3903.3;4073.85;8446.68;8274.41
10283;3903.3;4073.85;8446.68;8274.41
10284;3903.3;4073.85;8446.68;8274.41
10285;3903.3;4073.85;8446.68;8274.41
10286;3903.3;4073.85;8446.68;8274.41
10287;3903.3;4073.85;8446.68;8274.41
10288;3903.3;4073.85;8446.68;8274.41
10289;3903.3;4073.85;8446.68;8274.41
10290;3903.3;4073.85;8446.68;8274.41
10291;3903.3;4073.85;8446.68;8274.41
10292;3903.3;4073.85;8446.68;8274.41
10293;3903.3;4073.85;8446.68;8274.41
10294;3903.3;4073.85;8446.68;8274.41
10295;3903.3;4073.85;8446.68;8274.41
10296;3903.3;4073.85;8446.68;8274.41
10297;3903.3;4073.85;8446.68;8274.41
10298;3903.3;4073.85;8446.68;8274.41
10299;3903.3;4073.85;8446.68;8274.41
10300;3903.3;4073.85;8446.68;8274.41
10301;3903.3;4073.85;8446.68;8274.41
10302;3903.3;4073.85;8446.68;8274.41
10303;3903.3;4073.85;8446.68;8274.41
10304;3903.3;4073.85;8446.68;8274.41
10305;3903.3;4073.85;8446.68;8274.41
10306;3903.3;4073.85;8446.68;8274.41
10307;3903.3;4073.85;8446.68;8274.41
10308;3903.3;4073.85;8446.68;8274.41
10309;3903.3;4073.85;8446.68;8274.41
10310;3903.3;4073.85;8446.68;8274.41
10311;3903.3;4073.85;8446.68;8274.41
10312;3903.3;4073.85;8446.68;8274.41
10313;3903.3;4073.85;8446.68;8274.41
10314;3903.3;4073.85;8446.68;8274.41
10315;3903.3;4073.85;8446.68;8274.41
10316;3903.3;4073.85;8446.68;8274.41
10317;3903.3;4073.85;8446.68;8274.41
10318;3903.3;4073.85;8446.68;8274.41
10319;3903.3;4073.85;8446.68;8274.41
10320;3903.3;4073.85;8446.68;8274.41
10321;3903.3;4073.85;8446.68;8274.41
10322;3903.3;4073.85;8446.68;8274.41
10323;3903.3;4073.85;8446.68;8274.41
10324;3903.3;4073.85;8446.68;8274.41
10325;3903.3;4073.85;8446.68;8274.41
10326;3903.3;4073.85;8446.68;8274.41
10327;3903.3;4073.85;8446.68;8274.41
10328;3903.3;4073.85;8446.68;8274.41
10329;3903.3;4073.85;8446.68;8274.41
10330;3903.3;4073.85;8446.68;8274.41
10331;3903.3;4073.85;8446.68;8274.41
10332;3903.3;4073.85;8446.68;8274.41
10333;3903.3;4073.85;8446.68;8274.41
10334;3903.3;4073.85;8446.68;8274.41
10335;3903.3;4073.85;8446.68;8274.41
10336;3903.3;4073.85;8446.68;8274.41
10337;3903.3;4073.85;8446.68;8274.41
10338;3903.3;4073.85;8446.68;8274.41
10339;3903.3;4073.85;8446.68;8274.41
10340;3903.3;4073.85;8446.68;8274.41
10341;3903.3;4073.85;8446.68;8274.41
10342;3903.3;4073.85;8446.68;8274.41
10343;3903.3;4073.85;8446.68;8274.41
10344;3903.3;4073.85;8446.68;8274.41
10345;3903.3;4073.85;8446.68;8274.41
10346;3903.3;4073.85;8446.68;8274.41
10347;3903.3;4073.85;8446.68;8274.41
10348;3903.3;4073.85;8446.68;8274.41
10349;3903.3;4073.85;8446.68;8274.41
10350;3903.3;4073.85;8446.68;8274.41
10351;3903.3;4073.85;8446.68;8274.41
10352;3903.3;4073.85;8446.68;8274.41
10353;3903.3;4073.85;8446.68;8274.41
10354;3903.3;4073.85;8446.68;8274.41
10355;3903.3;4073.85;8446.68;8274.41
10356;3903.3;4073.85;8446.68;8274.41
10357;3903.3;4073.85;8446.68;8274.41
10358;3903.3;4073.85;8446.68;8274.41
10359;3903.3;4073.85;8446.68;8274.41
10360;3903.3;4073.85;8446.68;8274.41
10361;3903.3;4073.85;8446.68;8274.41
10362;3903.3;4073.85;8446.68;8274.41
10363;3903.3;4073.85;8446.68;8274.41
10364;3903.3;4073.85;8446.68;8274.41
10365;3903.3;4073.85;8446.68;8274.41
10366;3903.3;4073.85;8446.68;8274.41
10367;3903.3;4073.85;8446.68;8274.41
10368;3903.3;4073.85;8446.68;8274.41
10369;3903.3;4073.85;8446.68;8274.41
10370;3903.3;4073.85;8446.68;8274.41
10371;3903.3;4073.85;8446.68;8274.41
10372;3903.3;4073.85;8446.68;8274.41
10373;3903.3;4073.85;8446.68;8274.41
10374;3903.3;4073.85;8446.68;8274.41
10375;3903.3;4073.85;8446.68;8274.41
10376;3903.3;4073.85;8446.68;8274.41
10377;3903.3;4073.85;8446.68;8274.41
10378;3903.3;4073.85;8446.68;8274.41
10379;3903.3;4073.85;8446.68;8274.41
10380;3903.3;4073.85;8446.68;8274.41
10381;3903.3;4073.85;8446.68;8274.41
10382;3903.3;4073.85;8446.68;8274.41
10383;3903.3;4073.85;8446.68;8274.41
10384;3903.3;4073.85;8446.68;8274.41
10385;3903.3;4073.85;8446.68;8274.41
10386;3903.3;4073.85;8446.68;8274.41
10387;3903.3;4073.85;8446.68;8274.41
10388;3903.3;4073.85;8446.68;8274.41
10389;3903.3;4073.85;8446.68;8274.41
10390;3903.3;4073.85;8446.68;8274.41
10391;3903.3;4073.85;8446.68;8274.41
10392;3903.3;4073.85;8446.68;8274.41
10393;3903.3;4073.85;8446.68;8274.41
10394;3903.3;4073.85;8446.68;8274.41
10395;3903.3;4073.85;8446.68;8274.41
10396;3903.3;4073.85;8446.68;8274.41
10397;3903.3;4073.85;8446.68;8274.41
10398;3903.3;4073.85;8446.68;8274.41
10399;3903.3;4073.85;8446.68;8274.41
10400;3903.3;4073.85;8446.68;8274.41
10401;3903.3;4073.85;8446.68;8274.41
10402;3903.3;4073.85;8446.68;8274.41
10403;3903.3;4073.85;8446.68;8274.41
10404;3903.3;4073.85;8446.68;8274.41
10405;3903.3;4073.85;8446.68;8274.41
10406;3903.3;4073.85;8446.68;8274.41
10407;3903.3;4073.85;8446.68;8274.41
10408;3903.3;4073.85;8446.68;8274.41
10409;3903.3;4073.85;8446.68;8274.41
10410;3903.3;4073.85;8446.68;8274.41
10411;3903.3;4073.85;8446.68;8274.41
10412;3903.3;4073.85;8446.68;8274.41
10413;3903.3;4073.85;8446.68;8274.41
10414;3903.3;4073.85;8446.68;8274.41
10415;3903.3;4073.85;8446.68;8274.41
10416;3903.3;4073.85;8446.68;8274.41
10417;3903.3;4073.85;8446.68;8274.41
10418;3903.3;4073.85;8446.68;8274.41
10419;3903.3;4073.85;8446.68;8274.41
10420;3903.3;4073.85;8446.68;8274.41
10421;3903.3;4073.85;8446.68;8274.41
10422;3903.3;4073.85;8446.68;8274.41
10423;3903.3;4073.85;8446.68;8274.41
10424;3903.3;4073.85;8446.68;8274.41
10425;3903.3;4073.85;8446.68;8274.41
10426;3903.3;4073.85;8446.68;8274.41
10427;3903.3;4073.85;8446.68;8274.41
10428;3903.3;4073.85;8446.68;8274.41
10429;3903.3;4073.85;8446.68;8274.41
10430;3903.3;4073.85;8446.68;8274.41
10431;3903.3;4073.85;8446.68;8274.41
10432;3903.3;4073.85;8446.68;8274.41
10433;3903.3;4073.85;8446.68;8274.41
10434;3903.3;4073.85;8446.68;8274.41
10435;3903.3;4073.85;8446.68;8274.41
10436;3903.3;4073.85;8446.68;8274.41
10437;3903.3;4073.85;8446.68;8274.41
10438;3903.3;4073.85;8446.68;8274.41
10439;3903.3;4073.85;8446.68;8274.41
10440;3903.3;4073.85;8446.68;8274.41
10441;3903.3;4073.85;8446.68;8274.41
10442;3903.3;4073.85;8446.68;8274.41
10443;3903.3;4073.85;8446.68;8274.41
10444;3903.3;4073.85;8446.68;8274.41
10445;3903.3;4073.85;8446.68;8274.41
10446;3903.3;4073.85;8446.68;8274.41
10447;3903.3;4073.85;8446.68;8274.41
10448;3903.3;4073.85;8446.68;8274.41
10449;3903.3;4073.85;8446.68;8274.41
10450;3903.3;4073.85;8446.68;8274.41
10451;3903.3;4073.85;8446.68;8274.41
10452;3903.3;4073.85;8446.68;8274.41
10453;3903.3;4073.85;8446.68;8274.41
10454;3903.3;4073.85;8446.68;8274.41
10455;3903.3;4073.85;8446.68;8274.41
10456;3903.3;4073.85;8446.68;8274.41
10457;3903.3;4073.85;8446.68;8274.41
10458;3903.3;4073.85;8446.68;8274.41
10459;3903.3;4073.85;8446.68;8274.41
10460;3903.3;4073.85;8446.68;8274.41
10461;3903.3;4073.85;8446.68;8274.41
10462;3903.3;4073.85;8446.68;8274.41
10463;3903.3;4073.85;8446.68;8274.41
10464;3903.3;4073.85;8446.68;8274.41
10465;3903.3;4073.85;8446.68;8274.41
10466;3903.3;4073.85;8446.68;8274.41
10467;3903.3;4073.85;8446.68;8274.41
10468;3903.3;4073.85;8446.68;8274.41
10469;3903.3;4073.85;8446.68;8274.41
10470;3903.3;4073.85;8446.68;8274.41
10471;3903.3;4073.85;8446.68;8274.41
10472;3903.3;4073.85;8446.68;8274.41
10473;3903.3;4073.85;8446.68;8274.41
10474;3903.3;4073.85;8446.68;8274.41
10475;3903.3;4073.85;8446.68;8274.41
10476;3903.3;4073.85;8446.68;8274.41
10477;3903.3;4073.85;8446.68;8274.41
10478;3903.3;4073.85;8446.68;8274.41
10479;3903.3;4073.85;8446.68;8274.41
10480;3903.3;4073.85;8446.68;8274.41
10481;3903.3;4073.85;8446.68;8274.41
10482;3903.3;4073.85;8446.68;8274.41
10483;3903.3;4073.85;8446.68;8274.41
10484;3903.3;4073.85;8446.68;8274.41
10485;3903.3;4073.85;8446.68;8274.41
10486;3903.3;4073.85;8446.68;8274.41
10487;3903.3;4073.85;8446.68;8274.41
10488;3903.3;4073.85;8446.68;8274.41
10489;3903.3;4073.85;8446.68;8274.41
10490;3903.3;4073.85;8446.68;8274.41
10491;3903.3;4073.85;8446.68;8274.41
10492;3903.3;4073.85;8446.68;8274.41
10493;3903.3;4073.85;8446.68;8274.41
10494;3903.3;4073.85;8446.68;8274.41
10495;3903.3;4073.85;8446.68;8274.41
10496;3903.3;4073.85;8446.68;8274.41
10497;3903.3;4073.85;8446.68;8274.41
10498;3903.3;4073.85;8446.68;8274.41
10499;3903.3;4073.85;8446.68;8274.41
10500;3903.3;4073.85;8446.68;8274.41
10501;3903.3;4073.85;8446.68;8274.41
10502;3903.3;4073.85;8446.68;8274.41
10503;3903.3;4073.85;8446.68;8274.41
10504;3903.3;4073.85;8446.68;8274.41
10505;3903.3;4073.85;8446.68;8274.41
10506;3903.3;4073.85;8446.68;8274.41
10507;3903.3;4073.85;8446.68;8274.41
10508;3903.3;4073.85;8446.68;8274.41
10509;3903.3;4073.85;8446.68;8274.41
10510;3903.3;4073.85;8446.68;8274.41
10511;3903.3;4073.85;8446.68;8274.41
10512;3903.3;4073.85;8446.68;8274.41
10513;3903.3;4073.85;8446.68;8274.41
10514;3903.3;4073.85;8446.68;8274.41
10515;3903.3;4073.85;8446.68;8274.41
10516;3903.3;4073.85;8446.68;8274.41
10517;3903.3;4073.85;8446.68;8274.41
10518;3903.3;4073.85;8446.68;8274.41
10519;3903.3;4073.85;8446.68;8274.41
10520;3903.3;4073.85;8446.68;8274.41
10521;3903.3;4073.85;8446.68;8274.41
10522;3903.3;4073.85;8446.68;8274.41
10523;3903.3;4073.85;8446.68;8274.41
10524;3903.3;4073.85;8446.68;8274.41
10525;3903.3;4073.85;8446.68;8274.41
10526;3903.3;4073.85;8446.68;8274.41
10527;3903.3;4073.85;8446.68;8274.41
10528;3903.3;4073.85;8446.68;8274.41
10529;3903.3;4073.85;8446.68;8274.41
10530;3903.3;4073.85;8446.68;8274.41
10531;3903.3;4073.85;8446.68;8274.41
10532;3903.3;4073.85;8446.68;8274.41
10533;3903.3;4073.85;8446.68;8274.41
10534;3903.3;4073.85;8446.68;8274.41
10535;3903.3;4073.85;8446.68;8274.41
10536;3903.3;4073.85;8446.68;8274.41
10537;3903.3;4073.85;8446.68;8274.41
10538;3903.3;4073.85;8446.68;8274.41
10539;3903.3;4073.85;8446.68;8274.41
10540;3903.3;4073.85;8446.68;8274.41
10541;3903.3;4073.85;8446.68;8274.41
10542;3903.3;4073.85;8446.68;8274.41
10543;3903.3;4073.85;8446.68;8274.41
10544;3903.3;4073.85;8446.68;8274.41
10545;3903.3;4073.85;8446.68;8274.41
10546;3903.3;4073.85;8446.68;8274.41
10547;3903.3;4073.85;8446.68;8274.41
10548;3903.3;4073.85;8446.68;8274.41
10549;3903.3;4073.85;8446.68;8274.41
10550;3903.3;4073.85;8446.68;8274.41
10551;3903.3;4073.85;8446.68;8274.41
10552;3903.3;4073.85;8446.68;8274.41
10553;3903.3;4073.85;8446.68;8274.41
10554;3903.3;4073.85;8446.68;8274.41
10555;3903.3;4073.85;8446.68;8274.41
10556;3903.3;4073.85;8446.68;8274.41
10557;3903.3;4073.85;8446.68;8274.41
10558;3903.3;4073.85;8446.68;8274.41
10559;3903.3;4073.85;8446.68;8274.41
10560;3903.3;4073.85;8446.68;8274.41
10561;3903.3;4073.85;8446.68;8274.41
10562;3903.3;4073.85;8446.68;8274.41
10563;3903.3;4073.85;8446.68;8274.41
10564;3903.3;4073.85;8446.68;8274.41
10565;3903.3;4073.85;8446.68;8274.41
10566;3903.3;4073.85;8446.68;8274.41
10567;3903.3;4073.85;8446.68;8274.41
10568;3903.3;4073.85;8446.68;8274.41
10569;3903.3;4073.85;8446.68;8274.41
10570;3903.3;4073.85;8446.68;8274.41
10571;3903.3;4073.85;8446.68;8274.41
10572;3903.3;4073.85;8446.68;8274.41
10573;3903.3;4073.85;8446.68;8274.41
10574;3903.3;4073.85;8446.68;8274.41
10575;3903.3;4073.85;8446.68;8274.41
10576;3903.3;4073.85;8446.68;8274.41
10577;3903.3;4073.85;8446.68;8274.41
10578;3903.3;4073.85;8446.68;8274.41
10579;3903.3;4073.85;8446.68;8274.41
10580;3903.3;4073.85;8446.68;8274.41
10581;3903.3;4073.85;8446.68;8274.41
10582;3903.3;4073.85;8446.68;8274.41
10583;3903.3;4073.85;8446.68;8274.41
10584;3903.3;4073.85;8446.68;8274.41
10585;3903.3;4073.85;8446.68;8274.41
10586;3903.3;4073.85;8446.68;8274.41
10587;3903.3;4073.85;8446.68;8274.41
10588;3903.3;4073.85;8446.68;8274.41
10589;3903.3;4073.85;8446.68;8274.41
10590;3903.3;4073.85;8446.68;8274.41
10591;3903.3;4073.85;8446.68;8274.41
10592;3903.3;4073.85;8446.68;8274.41
10593;3903.3;4073.85;8446.68;8274.41
10594;3903.3;4073.85;8446.68;8274.41
10595;3903.3;4073.85;8446.68;8274.41
10596;3903.3;4073.85;8446.68;8274.41
10597;3903.3;4073.85;8446.68;8274.41
10598;3903.3;4073.85;8446.68;8274.41
10599;3903.3;4073.85;8446.68;8274.41
10600;3903.3;4073.85;8446.68;8274.41
10601;3903.3;4073.85;8446.68;8274.41
10602;3903.3;4073.85;8446.68;8274.41
10603;3903.3;4073.85;8446.68;8274.41
10604;3903.3;4073.85;8446.68;8274.41
10605;3903.3;4073.85;8446.68;8274.41
10606;3903.3;4073.85;8446.68;8274.41
10607;3903.3;4073.85;8446.68;8274.41
10608;3903.3;4073.85;8446.68;8274.41
10609;3903.3;4073.85;8446.68;8274.41
10610;3903.3;4073.85;8446.68;8274.41
10611;3903.3;4073.85;8446.68;8274.41
10612;3903.3;4073.85;8446.68;8274.41
10613;3903.3;4073.85;8446.68;8274.41
10614;3903.3;4073.85;8446.68;8274.41
10615;3903.3;4073.85;8446.68;8274.41
10616;3903.3;4073.85;8446.68;8274.41
10617;3903.3;4073.85;8446.68;8274.41
10618;3903.3;4073.85;8446.68;8274.41
10619;3903.3;4073.85;8446.68;8274.41
10620;3903.3;4073.85;8446.68;8274.41
10621;3903.3;4073.85;8446.68;8274.41
10622;3903.3;4073.85;8446.68;8274.41
10623;3903.3;4073.85;8446.68;8274.41
10624;3903.3;4073.85;8446.68;8274.41
10625;3903.3;4073.85;8446.68;8274.41
10626;3903.3;4073.85;8446.68;8274.41
10627;3903.3;4073.85;8446.68;8274.41
10628;3903.3;4073.85;8446.68;8274.41
10629;3903.3;4073.85;8446.68;8274.41
10630;3903.3;4073.85;8446.68;8274.41
10631;3903.3;4073.85;8446.68;8274.41
10632;3903.3;4073.85;8446.68;8274.41
10633;3903.3;4073.85;8446.68;8274.41
10634;3903.3;4073.85;8446.68;8274.41
10635;3903.3;4073.85;8446.68;8274.41
10636;3903.3;4073.85;8446.68;8274.41
10637;3903.3;4073.85;8446.68;8274.41
10638;3903.3;4073.85;8446.68;8274.41
10639;3903.3;4073.85;8446.68;8274.41
10640;3903.3;4073.85;8446.68;8274.41
10641;3903.3;4073.85;8446.68;8274.41
10642;3903.3;4073.85;8446.68;8274.41
10643;3903.3;4073.85;8446.68;8274.41
10644;3903.3;4073.85;8446.68;8274.41
10645;3903.3;4073.85;8446.68;8274.41
10646;3903.3;4073.85;8446.68;8274.41
10647;3903.3;4073.85;8446.68;8274.41
10648;3903.3;4073.85;8446.68;8274.41
10649;3903.3;4073.85;8446.68;8274.41
10650;3903.3;4073.85;8446.68;8274.41
10651;3903.3;4073.85;8446.68;8274.41
10652;3903.3;4073.85;8446.68;8274.41
10653;3903.3;4073.85;8446.68;8274.41
10654;3903.3;4073.85;8446.68;8274.41
10655;3903.3;4073.85;8446.68;8274.41
10656;3903.3;4073.85;8446.68;8274.41
10657;3903.3;4073.85;8446.68;8274.41
10658;3903.3;4073.85;8446.68;8274.41
10659;3903.3;4073.85;8446.68;8274.41
10660;3903.3;4073.85;8446.68;8274.41
10661;3903.3;4073.85;8446.68;8274.41
10662;3903.3;4073.85;8446.68;8274.41
10663;3903.3;4073.85;8446.68;8274.41
10664;3903.3;4073.85;8446.68;8274.41
10665;3903.3;4073.85;8446.68;8274.41
10666;3903.3;4073.85;8446.68;8274.41
10667;3903.3;4073.85;8446.68;8274.41
10668;3903.3;4073.85;8446.68;8274.41
10669;3903.3;4073.85;8446.68;8274.41
10670;3903.3;4073.85;8446.68;8274.41
10671;3903.3;4073.85;8446.68;8274.41
10672;3903.3;4073.85;8446.68;8274.41
10673;3903.3;4073.85;8446.68;8274.41
10674;3903.3;4073.85;8446.68;8274.41
10675;3903.3;4073.85;8446.68;8274.41
10676;3903.3;4073.85;8446.68;8274.41
10677;3903.3;4073.85;8446.68;8274.41
10678;3903.3;4073.85;8446.68;8274.41
10679;3903.3;4073.85;8446.68;8274.41
10680;3903.3;4073.85;8446.68;8274.41
10681;3903.3;4073.85;8446.68;8274.41
10682;3903.3;4073.85;8446.68;8274.41
10683;3903.3;4073.85;8446.68;8274.41
10684;3903.3;4073.85;8446.68;8274.41
10685;3903.3;4073.85;8446.68;8274.41
10686;3903.3;4073.85;8446.68;8274.41
10687;3903.3;4073.85;8446.68;8274.41
10688;3903.3;4073.85;8446.68;8274.41
10689;3903.3;4073.85;8446.68;8274.41
10690;3903.3;4073.85;8446.68;8274.41
10691;3903.3;4073.85;8446.68;8274.41
10692;3903.3;4073.85;8446.68;8274.41
10693;3903.3;4073.85;8446.68;8274.41
10694;3903.3;4073.85;8446.68;8274.41
10695;3903.3;4073.85;8446.68;8274.41
10696;3903.3;4073.85;8446.68;8274.41
10697;3903.3;4073.85;8446.68;8274.41
10698;3903.3;4073.85;8446.68;8274.41
10699;3903.3;4073.85;8446.68;8274.41
10700;3903.3;4073.85;8446.68;8274.41
10701;3903.3;4073.85;8446.68;8274.41
10702;3903.3;4073.85;8446.68;8274.41
10703;3903.3;4073.85;8446.68;8274.41
10704;3903.3;4073.85;8446.68;8274.41
10705;3903.3;4073.85;8446.68;8274.41
10706;3903.3;4073.85;8446.68;8274.41
10707;3903.3;4073.85;8446.68;8274.41
10708;3903.3;4073.85;8446.68;8274.41
10709;3903.3;4073.85;8446.68;8274.41
10710;3903.3;4073.85;8446.68;8274.41
10711;3903.3;4073.85;8446.68;8274.41
10712;3903.3;4073.85;8446.68;8274.41
10713;3903.3;4073.85;8446.68;8274.41
10714;3903.3;4073.85;8446.68;8274.41
10715;3903.3;4073.85;8446.68;8274.41
10716;3903.3;4073.85;8446.68;8274.41
10717;3903.3;4073.85;8446.68;8274.41
10718;3903.3;4073.85;8446.68;8274.41
10719;3903.3;4073.85;8446.68;8274.41
10720;3903.3;4073.85;8446.68;8274.41
10721;3903.3;4073.85;8446.68;8274.41
10722;3903.3;4073.85;8446.68;8274.41
10723;3903.3;4073.85;8446.68;8274.41
10724;3903.3;4073.85;8446.68;8274.41
10725;3903.3;4073.85;8446.68;8274.41
10726;3903.3;4073.85;8446.68;8274.41
10727;3903.3;4073.85;8446.68;8274.41
10728;3903.3;4073.85;8446.68;8274.41
10729;3903.3;4073.85;8446.68;8274.41
10730;3903.3;4073.85;8446.68;8274.41
10731;3903.3;4073.85;8446.68;8274.41
10732;3903.3;4073.85;8446.68;8274.41
10733;3903.3;4073.85;8446.68;8274.41
10734;3903.3;4073.85;8446.68;8274.41
10735;3903.3;4073.85;8446.68;8274.41
10736;3903.3;4073.85;8446.68;8274.41
10737;3903.3;4073.85;8446.68;8274.41
10738;3903.3;4073.85;8446.68;8274.41
10739;3903.3;4073.85;8446.68;8274.41
10740;3903.3;4073.85;8446.68;8274.41
10741;3903.3;4073.85;8446.68;8274.41
10742;3903.3;4073.85;8446.68;8274.41
10743;3903.3;4073.85;8446.68;8274.41
10744;3903.3;4073.85;8446.68;8274.41
10745;3903.3;4073.85;8446.68;8274.41
10746;3903.3;4073.85;8446.68;8274.41
10747;3903.3;4073.85;8446.68;8274.41
10748;3903.3;4073.85;8446.68;8274.41
10749;3903.3;4073.85;8446.68;8274.41
10750;3903.3;4073.85;8446.68;8274.41
10751;3903.3;4073.85;8446.68;8274.41
10752;3903.3;4073.85;8446.68;8274.41
10753;3903.3;4073.85;8446.68;8274.41
10754;3903.3;4073.85;8446.68;8274.41
10755;3903.3;4073.85;8446.68;8274.41
10756;3903.3;4073.85;8446.68;8274.41
10757;3903.3;4073.85;8446.68;8274.41
10758;3903.3;4073.85;8446.68;8274.41
10759;3903.3;4073.85;8446.68;8274.41
10760;3903.3;4073.85;8446.68;8274.41
10761;3903.3;4073.85;8446.68;8274.41
10762;3903.3;4073.85;8446.68;8274.41
10763;3903.3;4073.85;8446.68;8274.41
10764;3903.3;4073.85;8446.68;8274.41
10765;3903.3;4073.85;8446.68;8274.41
10766;3903.3;4073.85;8446.68;8274.41
10767;3903.3;4073.85;8446.68;8274.41
10768;3903.3;4073.85;8446.68;8274.41
10769;3903.3;4073.85;8446.68;8274.41
10770;3903.3;4073.85;8446.68;8274.41
10771;3903.3;4073.85;8446.68;8274.41
10772;3903.3;4073.85;8446.68;8274.41
10773;3903.3;4073.85;8446.68;8274.41
10774;3903.3;4073.85;8446.68;8274.41
10775;3903.3;4073.85;8446.68;8274.41
10776;3903.3;4073.85;8446.68;8274.41
10777;3903.3;4073.85;8446.68;8274.41
10778;3903.3;4073.85;8446.68;8274.41
10779;3903.3;4073.85;8446.68;8274.41
10780;3903.3;4073.85;8446.68;8274.41
10781;3903.3;4073.85;8446.68;8274.41
10782;3903.3;4073.85;8446.68;8274.41
10783;3903.3;4073.85;8446.68;8274.41
10784;3903.3;4073.85;8446.68;8274.41
10785;3903.3;4073.85;8446.68;8274.41
10786;3903.3;4073.85;8446.68;8274.41
10787;3903.3;4073.85;8446.68;8274.41
10788;3903.3;4073.85;8446.68;8274.41
10789;3903.3;4073.85;8446.68;8274.41
10790;3903.3;4073.85;8446.68;8274.41
10791;3903.3;4073.85;8446.68;8274.41
10792;3903.3;4073.85;8446.68;8274.41
10793;3903.3;4073.85;8446.68;8274.41
10794;3903.3;4073.85;8446.68;8274.41
10795;3903.3;4073.85;8446.68;8274.41
10796;3903.3;4073.85;8446.68;8274.41
10797;3903.3;4073.85;8446.68;8274.41
10798;3903.3;4073.85;8446.68;8274.41
10799;3903.3;4073.85;8446.68;8274.41
10800;3903.3;4073.85;8446.68;8274.41
10801;3903.3;4073.85;8446.68;8274.41
10802;3903.3;4073.85;8446.68;8274.41
10803;3903.3;4073.85;8446.68;8274.41
10804;3903.3;4073.85;8446.68;8274.41
10805;3903.3;4073.85;8446.68;8274.41
10806;3903.3;4073.85;8446.68;8274.41
10807;3903.3;4073.85;8446.68;8274.41
10808;3903.3;4073.85;8446.68;8274.41
10809;3903.3;4073.85;8446.68;8274.41
10810;3903.3;4073.85;8446.68;8274.41
10811;3903.3;4073.85;8446.68;8274.41
10812;3903.3;4073.85;8446.68;8274.41
10813;3903.3;4073.85;8446.68;8274.41
10814;3903.3;4073.85;8446.68;8274.41
10815;3903.3;4073.85;8446.68;8274.41
10816;3903.3;4073.85;8446.68;8274.41
10817;3903.3;4073.85;8446.68;8274.41
10818;3903.3;4073.85;8446.68;8274.41
10819;3903.3;4073.85;8446.68;8274.41
10820;3903.3;4073.85;8446.68;8274.41
10821;3903.3;4073.85;8446.68;8274.41
10822;3903.3;4073.85;8446.68;8274.41
10823;3903.3;4073.85;8446.68;8274.41
10824;3903.3;4073.85;8446.68;8274.41
10825;3903.3;4073.85;8446.68;8274.41
10826;3903.3;4073.85;8446.68;8274.41
10827;3903.3;4073.85;8446.68;8274.41
10828;3903.3;4073.85;8446.68;8274.41
10829;3903.3;4073.85;8446.68;8274.41
10830;3903.3;4073.85;8446.68;8274.41
10831;3903.3;4073.85;8446.68;8274.41
10832;3903.3;4073.85;8446.68;8274.41
10833;3903.3;4073.85;8446.68;8274.41
10834;3903.3;4073.85;8446.68;8274.41
10835;3903.3;4073.85;8446.68;8274.41
10836;3903.3;4073.85;8446.68;8274.41
10837;3903.3;4073.85;8446.68;8274.41
10838;3903.3;4073.85;8446.68;8274.41
10839;3903.3;4073.85;8446.68;8274.41
10840;3903.3;4073.85;8446.68;8274.41
10841;3903.3;4073.85;8446.68;8274.41
10842;3903.3;4073.85;8446.68;8274.41
10843;3903.3;4073.85;8446.68;8274.41
10844;3903.3;4073.85;8446.68;8274.41
10845;3903.3;4073.85;8446.68;8274.41
10846;3903.3;4073.85;8446.68;8274.41
10847;3903.3;4073.85;8446.68;8274.41
10848;3903.3;4073.85;8446.68;8274.41
10849;3903.3;4073.85;8446.68;8274.41
10850;3903.3;4073.85;8446.68;8274.41
10851;3903.3;4073.85;8446.68;8274.41
10852;3903.3;4073.85;8446.68;8274.41
10853;3903.3;4073.85;8446.68;8274.41
10854;3903.3;4073.85;8446.68;8274.41
10855;3903.3;4073.85;8446.68;8274.41
10856;3903.3;4073.85;8446.68;8274.41
10857;3903.3;4073.85;8446.68;8274.41
10858;3903.3;4073.85;8446.68;8274.41
10859;3903.3;4073.85;8446.68;8274.41
10860;3903.3;4073.85;8446.68;8274.41
10861;3903.3;4073.85;8446.68;8274.41
10862;3903.3;4073.85;8446.68;8274.41
10863;3903.3;4073.85;8446.68;8274.41
10864;3903.3;4073.85;8446.68;8274.41
10865;3903.3;4073.85;8446.68;8274.41
10866;3903.3;4073.85;8446.68;8274.41
10867;3903.3;4073.85;8446.68;8274.41
10868;3903.3;4073.85;8446.68;8274.41
10869;3903.3;4073.85;8446.68;8274.41
10870;3903.3;4073.85;8446.68;8274.41
10871;3903.3;4073.85;8446.68;8274.41
10872;3903.3;4073.85;8446.68;8274.41
10873;3903.3;4073.85;8446.68;8274.41
10874;3903.3;4073.85;8446.68;8274.41
10875;3903.3;4073.85;8446.68;8274.41
10876;3903.3;4073.85;8446.68;8274.41
10877;3903.3;4073.85;8446.68;8274.41
10878;3903.3;4073.85;8446.68;8274.41
10879;3903.3;4073.85;8446.68;8274.41
10880;3903.3;4073.85;8446.68;8274.41
10881;3903.3;4073.85;8446.68;8274.41
10882;3903.3;4073.85;8446.68;8274.41
10883;3903.3;4073.85;8446.68;8274.41
10884;3903.3;4073.85;8446.68;8274.41
10885;3903.3;4073.85;8446.68;8274.41
10886;3903.3;4073.85;8446.68;8274.41
10887;3903.3;4073.85;8446.68;8274.41
10888;3903.3;4073.85;8446.68;8274.41
10889;3903.3;4073.85;8446.68;8274.41
10890;3903.3;4073.85;8446.68;8274.41
10891;3903.3;4073.85;8446.68;8274.41
10892;3903.3;4073.85;8446.68;8274.41
10893;3903.3;4073.85;8446.68;8274.41
10894;3903.3;4073.85;8446.68;8274.41
10895;3903.3;4073.85;8446.68;8274.41
10896;3903.3;4073.85;8446.68;8274.41
10897;3903.3;4073.85;8446.68;8274.41
10898;3903.3;4073.85;8446.68;8274.41
10899;3903.3;4073.85;8446.68;8274.41
10900;3903.3;4073.85;8446.68;8274.41
10901;3903.3;4073.85;8446.68;8274.41
10902;3903.3;4073.85;8446.68;8274.41
10903;3903.3;4073.85;8446.68;8274.41
10904;3903.3;4073.85;8446.68;8274.41
10905;3903.3;4073.85;8446.68;8274.41
10906;3903.3;4073.85;8446.68;8274.41
10907;3903.3;4073.85;8446.68;8274.41
10908;3903.3;4073.85;8446.68;8274.41
10909;3903.3;4073.85;8446.68;8274.41
10910;3903.3;4073.85;8446.68;8274.41
10911;3903.3;4073.85;8446.68;8274.41
10912;3903.3;4073.85;8446.68;8274.41
10913;3903.3;4073.85;8446.68;8274.41
10914;3903.3;4073.85;8446.68;8274.41
10915;3903.3;4073.85;8446.68;8274.41
10916;3903.3;4073.85;8446.68;8274.41
10917;3903.3;4073.85;8446.68;8274.41
10918;3903.3;4073.85;8446.68;8274.41
10919;3903.3;4073.85;8446.68;8274.41
10920;3903.3;4073.85;8446.68;8274.41
10921;3903.3;4073.85;8446.68;8274.41
10922;3903.3;4073.85;8446.68;8274.41
10923;3903.3;4073.85;8446.68;8274.41
10924;3903.3;4073.85;8446.68;8274.41
10925;3903.3;4073.85;8446.68;8274.41
10926;3903.3;4073.85;8446.68;8274.41
10927;3903.3;4073.85;8446.68;8274.41
10928;3903.3;4073.85;8446.68;8274.41
10929;3903.3;4073.85;8446.68;8274.41
10930;3903.3;4073.85;8446.68;8274.41
10931;3903.3;4073.85;8446.68;8274.41
10932;3903.3;4073.85;8446.68;8274.41
10933;3903.3;4073.85;8446.68;8274.41
10934;3903.3;4073.85;8446.68;8274.41
10935;3903.3;4073.85;8446.68;8274.41
10936;3903.3;4073.85;8446.68;8274.41
10937;3903.3;4073.85;8446.68;8274.41
10938;3903.3;4073.85;8446.68;8274.41
10939;3903.3;4073.85;8446.68;8274.41
10940;3903.3;4073.85;8446.68;8274.41
10941;3903.3;4073.85;8446.68;8274.41
10942;3903.3;4073.85;8446.68;8274.41
10943;3903.3;4073.85;8446.68;8274.41
10944;3903.3;4073.85;8446.68;8274.41
10945;3903.3;4073.85;8446.68;8274.41
10946;3903.3;4073.85;8446.68;8274.41
10947;3903.3;4073.85;8446.68;8274.41
10948;3903.3;4073.85;8446.68;8274.41
10949;3903.3;4073.85;8446.68;8274.41
10950;3903.3;4073.85;8446.68;8274.41
10951;3903.3;4073.85;8446.68;8274.41
10952;3903.3;4073.85;8446.68;8274.41
10953;3903.3;4073.85;8446.68;8274.41
10954;3903.3;4073.85;8446.68;8274.41
10955;3903.3;4073.85;8446.68;8274.41
10956;3903.3;4073.85;8446.68;8274.41
10957;3903.3;4073.85;8446.68;8274.41
10958;3903.3;4073.85;8446.68;8274.41
10959;3903.3;4073.85;8446.68;8274.41
10960;3903.3;4073.85;8446.68;8274.41
10961;3903.3;4073.85;8446.68;8274.41
10962;3903.3;4073.85;8446.68;8274.41
10963;3903.3;4073.85;8446.68;8274.41
10964;3903.3;4073.85;8446.68;8274.41
10965;3903.3;4073.85;8446.68;8274.41
10966;3903.3;4073.85;8446.68;8274.41
10967;3903.3;4073.85;8446.68;8274.41
10968;3903.3;4073.85;8446.68;8274.41
10969;3903.3;4073.85;8446.68;8274.41
10970;3903.3;4073.85;8446.68;8274.41
10971;3903.3;4073.85;8446.68;8274.41
10972;3903.3;4073.85;8446.68;8274.41
10973;3903.3;4073.85;8446.68;8274.41
10974;3903.3;4073.85;8446.68;8274.41
10975;3903.3;4073.85;8446.68;8274.41
10976;3903.3;4073.85;8446.68;8274.41
10977;3903.3;4073.85;8446.68;8274.41
10978;3903.3;4073.85;8446.68;8274.41
10979;3903.3;4073.85;8446.68;8274.41
10980;3903.3;4073.85;8446.68;8274.41
10981;3903.3;4073.85;8446.68;8274.41
10982;3903.3;4073.85;8446.68;8274.41
10983;3903.3;4073.85;8446.68;8274.41
10984;3903.3;4073.85;8446.68;8274.41
10985;3903.3;4073.85;8446.68;8274.41
10986;3903.3;4073.85;8446.68;8274.41
10987;3903.3;4073.85;8446.68;8274.41
10988;3903.3;4073.85;8446.68;8274.41
10989;3903.3;4073.85;8446.68;8274.41
10990;3903.3;4073.85;8446.68;8274.41
10991;3903.3;4073.85;8446.68;8274.41
10992;3903.3;4073.85;8446.68;8274.41
10993;3903.3;4073.85;8446.68;8274.41
10994;3903.3;4073.85;8446.68;8274.41
10995;3903.3;4073.85;8446.68;8274.41
10996;3903.3;4073.85;8446.68;8274.41
10997;3903.3;4073.85;8446.68;8274.41
10998;3903.3;4073.85;8446.68;8274.41
10999;3903.3;4073.85;8446.68;8274.41
11000;3903.3;4073.85;8446.68;8274.41